JD	mag	mag_err
2458255.96432	14.062067	0.010182374
2458258.95417	14.069076	0.010182775
2458266.88301	14.068304	0.010182729
2458269.92847	14.082422	0.010183587
2458272.96079	14.075173	0.010183136
2458275.93136	14.063664	0.0101824645
2458278.96633	14.056473	0.010182069
2458281.97033	14.056248	0.010182057
2458284.96768	14.105851	0.010185182
2458287.96521	14.060235	0.010182274
2458290.97677	14.068813	0.010182758
2458293.97344	14.068769	0.010182756
2458296.86922	14.067675	0.010182693
2458299.92815	14.064081	0.010182488
2458301.92273	14.066468	0.010031725
2458301.92318	14.07108	0.010031531
2458301.92364	14.044884	0.0101814745
2458301.92409	14.05779	0.01018214
2458302.90752	14.095077	0.010184422
2458305.92563	14.059478	0.010182232
2458310.9302	14.059509	0.010182233
2458313.9136	14.0558405	0.010182036
2458316.94953	14.066297	0.010182613
2458319.9579	14.055531	0.010182019
2458322.90616	14.055979	0.010182043
2458325.99556	14.062289	0.010182386
2458326.86947	14.086915	0.010030918
2458326.86994	14.082178	0.01003109
2458327.87021	14.072845	0.010031458
2458327.87066	14.064807	0.010031798
2458328.85588	14.083958	0.010031025
2458328.85633	14.08562	0.010030963
2458328.90681	14.072442	0.010182973
2458330.88846	14.059337	0.010032043
2458330.88983	14.069475	0.010031598
2458331.90369	14.060983	0.010182314
2458332.88105	14.085066	0.010030984
2458334.86351	14.055111	0.010181996
2458334.90246	14.066563	0.010031722
2458334.90291	14.070774	0.010031543
2458335.85898	14.071318	0.01003152
2458335.87251	14.075068	0.010031368
2458336.85853	14.068849	0.010031624
2458336.859	14.071813	0.0100315
2458337.84865	14.059605	0.010182239
2458340.89004	14.053745	0.010181924
2458340.89095	14.057902	0.010182146
2458342.84357	14.060016	0.010182261
2458343.86421	14.06398	0.010182482
2458343.86513	14.053275	0.010181899
2458344.93303	14.049585	0.010181709
2458344.93932	14.07882	0.01003122
2458345.85426	14.094682	0.0100306505
2458346.89186	14.068645	0.010182749
2458349.82686	14.081481	0.010183528
2458352.82486	14.064897	0.010182534
2458353.8151	14.069265	0.010031607
2458354.78546	14.059803	0.010032021
2458355.80366	14.066924	0.010031706
2458355.84174	14.068474	0.010182738
2458355.93543	14.050945	0.010181779
2458356.8064	14.075569	0.010031348
2458358.91022	14.087858	0.010183937
2458361.80441	14.0731535	0.010183015
2458364.80963	14.069829	0.010182818
2458367.8466	14.054164	0.010181946
2458368.82387	14.076322	0.010031316
2458370.80173	14.060503	0.0101822885
2458372.83336	14.079191	0.010031205
2458373.79172	14.057069	0.0101821
2458376.85042	14.057823	0.010182142
2458378.76859	14.07204	0.010031491
2458379.7715	14.06678	0.010031713
2458379.80568	14.068522	0.010182741
2458380.79311	14.06969	0.010031588
2458382.85062	14.061909	0.010182366
2458383.82886	14.072911	0.010031455
2458385.76964	14.056083	0.010182047
2458385.78893	14.060213	0.010032004
2458386.76724	14.077002	0.010031291
2458388.74855	14.054428	0.01018196
2458389.78212	14.069857	0.010031581
2458400.71847	14.063574	0.010182458
2458425.76439	14.077146	0.010031284
2458428.62477	14.064449	0.010182508
2458431.65421	14.0804405	0.010183461
2458431.70738	14.072344	0.0100314785
2458434.68439	14.061285	0.010182331
2458437.77723	14.069007	0.01018277
2458439.71621	14.077035	0.010183251
2458439.71666	14.0724	0.01018297
2458439.72576	14.091247	0.010184163
2458439.72621	14.085656	0.010183794
2458439.73569	14.072462	0.010182974
2458439.74884	14.063077	0.010031875
2458441.71286	14.071087	0.010182892
2458441.71331	14.0812435	0.010183513
2458441.72261	14.068155	0.010182721
2458441.72308	14.061534	0.010182344
2458441.73192	14.059494	0.010182233
2458443.59467	14.083811	0.0100310305
2458447.82732	14.041827	0.0101813255
2458449.7275	14.072106	0.010182953
2458449.72932	14.070231	0.010182842
2458449.73366	14.077939	0.0101833055
2458449.73525	14.072473	0.010182975
2458449.7363	14.07533	0.010183146
2458450.73825	14.0729685	0.010183005
2458450.7387	14.064454	0.010182508
2458450.73917	14.069202	0.010182781
2458451.71815	14.077086	0.010183254
2458451.72133	14.0588875	0.0101822
2458451.73112	14.053429	0.0101819085
2458451.7343	14.060549	0.01018229
2458451.73886	14.069472	0.010182797
2458456.65376	14.0643015	0.010182499
2458461.59248	14.089685	0.010184059
2458461.59344	14.085509	0.010183785
2458461.59439	14.066551	0.0101826275
2458461.59534	14.084127	0.010183697
2458461.59629	14.0695	0.010182799
2458461.59724	14.078795	0.0101833595
2458461.59819	14.06635	0.010182616
2458461.59914	14.070895	0.010182882
2458461.60009	14.068686	0.010182751
2458461.60104	14.07661	0.010183224
2458461.60198	14.069787	0.010182817
2458461.60293	14.065996	0.010182596
2458461.60388	14.063747	0.010182469
2458461.60483	14.060156	0.01018227
2458461.60578	14.0738735	0.010183059
2458461.60673	14.071914	0.010182942
2458461.60769	14.080287	0.010183453
2458461.64863	14.072417	0.010182972
2458461.64957	14.069442	0.010182795
2458461.65052	14.075609	0.010183164
2458461.65147	14.068983	0.010182769
2458461.65242	14.07533	0.010183146
2458461.65337	14.065282	0.010182556
2458461.65432	14.065847	0.010182587
2458461.65527	14.067849	0.010182704
2458461.65622	14.071566	0.010182921
2458461.65718	14.063426	0.01018245
2458461.65813	14.072721	0.01018299
2458461.65908	14.0662365	0.01018261
2458461.66002	14.065941	0.010182593
2458461.66097	14.0666065	0.010182632
2458461.66192	14.073536	0.010183039
2458461.66287	14.065278	0.010182555
2458461.66382	14.059795	0.010182249
2458461.66477	14.068146	0.01018272
2458461.66572	14.075938	0.0101831835
2458461.66667	14.0702305	0.010182842
2458461.67236	14.05932	0.010182222
2458461.67331	14.076202	0.0101832
2458461.67427	14.071909	0.010182941
2458461.67522	14.065015	0.010182541
2458461.67617	14.068863	0.010182762
2458461.67712	14.0724125	0.010182971
2458461.67807	14.065915	0.010182592
2458461.67902	14.06306	0.01018243
2458461.67997	14.065091	0.010182545
2458461.68091	14.069427	0.010182794
2458461.68186	14.066358	0.010182616
2458461.68281	14.060225	0.010182273
2458461.68376	14.070608	0.010182864
2458461.68471	14.070512	0.010182858
2458461.68566	14.066039	0.010182599
2458461.68661	14.0735445	0.010183038
2458461.68756	14.065513	0.010182569
2458461.68851	14.073365	0.010183028
2458461.68947	14.062913	0.010182422
2458461.69042	14.0820465	0.010183564
2458461.69137	14.067432	0.01018268
2458461.69231	14.054558	0.010181967
2458461.69326	14.070301	0.010182846
2458461.69421	14.082631	0.0101836
2458461.69516	14.071694	0.010182928
2458461.69611	14.086226	0.010183831
2458461.69706	14.06447	0.01018251
2458461.69801	14.077541	0.010183281
2458461.69896	14.075564	0.01018316
2458461.69991	14.060948	0.010182312
2458461.70086	14.057226	0.010182109
2458461.7018	14.070889	0.010182881
2458461.70275	14.049502	0.010181705
2458461.7037	14.068435	0.010182736
2458461.70465	14.062582	0.010182404
2458461.7056	14.061865	0.010182363
2458461.7065500002	14.073138	0.010183014
2458461.7075	14.07008	0.010182833
2458461.70845	14.072572	0.01018298
2458461.7094	14.0739975	0.010183066
2458461.71035	14.065891	0.010182589
2458461.71129	14.05247	0.010181857
2458461.71224	14.068236	0.010182724
2458461.7132	14.069468	0.010182797
2458461.71415	14.06172	0.0101823555
2458461.7151	14.061441	0.010182339
2458461.71605	14.0764675	0.010183217
2458461.717	14.0728655	0.010182997
2458461.71795	14.071005	0.010182887
2458461.7189	14.065634	0.010182576
2458461.71985	14.057422	0.010182121
2458461.7208	14.072389	0.010182969
2458461.72175	14.06173	0.010182356
2458461.72269	14.06416	0.0101824915
2458461.72364	14.0613785	0.010182336
2458461.7245899998	14.0676155	0.010182689
2458461.72554	14.075097	0.010183132
2458461.72649	14.05738	0.010182118
2458461.72744	14.078235	0.010183325
2458461.72839	14.047185	0.010181588
2458461.72934	14.063045	0.01018243
2458461.7303	14.07063	0.010182866
2458461.73125	14.059252	0.010182219
2458461.7322	14.069862	0.010182819
2458461.73315	14.057289	0.010182112
2458461.73409	14.062318	0.010182389
2458461.73504	14.059909	0.010182255
2458461.73599	14.077174	0.01018326
2458461.73694	14.056466	0.010182069
2458461.73789	14.072405	0.01018297
2458461.73884	14.059411	0.010182228
2458461.73979	14.063185	0.0101824375
2458461.74074	14.060465	0.010182286
2458461.74169	14.073351	0.010183027
2458461.74264	14.05952	0.0101822335
2458461.74358	14.058191	0.010182162
2458461.74453	14.060898	0.010182309
2458461.74548	14.073042	0.010183008
2458461.74643	14.063622	0.010182462
2458461.74738	14.054111	0.010181944
2458461.74833	14.066091	0.010182601
2458461.74928	14.069282	0.010182786
2458461.75023	14.0485735	0.010181659
2458461.75118	14.045892	0.010181524
2458461.75213	14.0696	0.010182805
2458461.75307	14.049028	0.010181679
2458461.75402	14.072626	0.010182985
2458461.75497	14.07299	0.010183005
2458461.75592	14.067492	0.010182682
2458461.75687	14.060804	0.010182305
2458462.65863	14.080654	0.010183475
2458462.65958	14.069218	0.010182781
2458462.66053	14.072895	0.010182999
2458462.66148	14.049919	0.010181727
2458462.66243	14.049338	0.010181697
2458462.66338	14.06737	0.010182676
2458462.66433	14.073826	0.010183056
2458462.66528	14.071629	0.010182925
2458462.66623	14.056753	0.010182084
2458462.66718	14.0515995	0.010181813
2458462.66812	14.046234	0.010181541
2458462.66907	14.059402	0.010182227
2458462.67002	14.06837	0.010182733
2458462.67097	14.062858	0.010182419
2458462.67192	14.035037	0.010181008
2458462.67287	14.05322	0.010181897
2458462.67382	14.0721855	0.010182958
2458462.67477	14.055776	0.010182031
2458462.67572	14.052242	0.010181845
2458462.67667	14.062169	0.01018238
2458462.67761	14.075496	0.0101831565
2458462.67856	14.070262	0.010182844
2458462.67951	14.07101	0.010182888
2458462.68047	14.069437	0.010182795
2458462.68142	14.069722	0.010182812
2458462.68237	14.060522	0.0101822885
2458462.68332	14.072852	0.010182996
2458462.68427	14.075715	0.01018317
2458462.68522	14.074365	0.010183088
2458462.68617	14.067326	0.010182672
2458462.68712	14.077986	0.010183309
2458462.68807	14.065887	0.010182589
2458462.68901	14.065674	0.010182578
2458462.68996	14.0689335	0.010182765
2458462.69091	14.077176	0.010183259
2458462.69186	14.073653	0.010183045
2458462.69281	14.074818	0.0101831155
2458462.69376	14.06863	0.010182748
2458462.69471	14.077749	0.010183294
2458462.69566	14.065254	0.010182555
2458462.69661	14.06831	0.010182729
2458462.6975600002	14.077348	0.010183269
2458462.699	14.061843	0.010182362
2458462.69995	14.068758	0.010182756
2458462.70091	14.078194	0.010183322
2458469.59932	14.054478	0.010181963
2458475.63313	14.051426	0.010181803
2458482.68819	14.073808	0.010183054
2458494.59164	14.065107	0.0101825455
2458601.99343	14.067808	0.010182701
2458607.99198	14.064959	0.010182538
2458634.92837	14.069534	0.010182801
2458637.92834	14.067701	0.0101826945
2458640.97046	14.062145	0.010182379
2458643.96713	14.054507	0.010181963
2458646.97071	14.045306	0.010181495
2458652.92491	14.06169	0.010182354
2458655.89868	14.077408	0.0100312745
2458655.89913	14.067843	0.010031666
2458655.95254	14.061088	0.01018232
2458658.90571	14.055169	0.010182
2458661.9335	14.055652	0.010182025
2458665.94505	14.059999	0.0101822615
2458668.86292	14.058721	0.010182191
2458671.9283	14.056849	0.010182089
2458672.98302	14.082464	0.01003108
2458672.98347	14.070154	0.010031569
2458674.97222	14.060954	0.010182312
2458675.86874	14.064905	0.010182534
2458675.86919	14.058394	0.010182173
2458675.88644	14.059529	0.0101822335
2458675.88735	14.061105	0.010182321
2458675.89119	14.05807	0.010182155
2458675.9111	14.092953	0.010184278
2458675.92354	14.037247	0.010181109
2458675.93759	14.057184	0.010182107
2458675.93805	14.057028	0.010182099
2458676.87556	14.057095	0.010182102
2458676.87965	14.069295	0.010182787
2458676.89441	14.035431	0.010181026
2458676.89808	14.0635	0.010182453
2458676.91306	14.046912	0.010181574
2458676.91351	14.042065	0.010181337
2458677.8036	14.069508	0.0101828
2458677.86561	14.06372	0.010182466
2458677.86606	14.084172	0.010183699
2458677.89535	14.065259	0.010182555
2458677.89745	14.050941	0.010181778
2458677.90754	14.077365	0.010183271
2458677.92817	14.063589	0.010182459
2458677.92862	14.058598	0.010182183
2458678.84503	14.050096	0.010181735
2458678.84548	14.065298	0.010182557
2458678.85791	14.0688	0.010182759
2458678.86613	14.055251	0.0101820035
2458678.90007	14.064158	0.010182492
2458678.91673	14.047317	0.010181595
2458678.91718	14.034363	0.010180977
2458679.86002	14.064581	0.010182515
2458679.86048	14.06175	0.010182356
2458679.89462	14.069719	0.010182812
2458679.89507	14.069522	0.010182801
2458679.89753	14.076958	0.010183246
2458679.90776	14.057535	0.010182126
2458679.91992	14.07733	0.010183269
2458679.92682	14.073453	0.010183033
2458679.92727	14.068352	0.010182732
2458680.84027	14.066055	0.0101826
2458680.84072	14.0548115	0.010181981
2458680.86432	14.056089	0.010182048
2458680.86919	14.057019	0.0101820985
2458680.89776	14.058957	0.010182203
2458680.91354	14.059893	0.010182254
2458680.91399	14.05298	0.010181884
2458681.82012	14.065064	0.010182543
2458681.82057	14.063709	0.010182466
2458681.83971	14.067534	0.010182684
2458681.84627	14.06352	0.010182455
2458681.87499	14.073027	0.010183007
2458681.87786	14.065483	0.010182568
2458681.88256	14.067537	0.010182686
2458681.88588	14.06535	0.0101825595
2458681.88633	14.065425	0.010182564
2458681.91508	14.075898	0.010031334
2458681.91553	14.068657	0.010031632
2458682.81016	14.059104	0.010182211
2458682.81061	14.073877	0.010183059
2458682.82169	14.053931	0.010181934
2458682.83201	14.069555	0.010182803
2458682.89402	14.071069	0.010031531
2458682.89447	14.075115	0.010031366
2458683.8316	14.0654545	0.010182565
2458683.83205	14.056251	0.010182057
2458683.83883	14.055012	0.010181991
2458683.85707	14.059781	0.010182248
2458683.89073	14.066761	0.0101826405
2458683.89118	14.062305	0.010182388
2458683.91057	14.0747595	0.01003138
2458683.91102	14.072168	0.010031486
2458683.92354	14.063241	0.01018244
2458684.80139	14.0707445	0.010182872
2458684.80185	14.06792	0.010182708
2458684.81957	14.066666	0.010182634
2458684.82608	14.06254	0.010182401
2458684.83066	14.066695	0.010182637
2458684.84094	14.06225	0.010182385
2458684.85658	14.071956	0.010182944
2458685.90206	14.067896	0.010031664
2458685.90251	14.063074	0.010031874
2458690.90763	14.03905	0.010181193
2458693.88481	14.054623	0.01018197
2458695.84882	14.075731	0.010031341
2458695.84927	14.070285	0.010031563
2458696.88345	14.069953	0.010182826
2458699.88716	14.065952	0.010182593
2458702.89585	14.06837	0.010182733
2458704.70854	14.063043	0.010182429
2458704.70899	14.0646305	0.0101825185
2458704.72301	14.059885	0.010182255
2458704.73164	14.06134	0.010182334
2458704.74102	14.053358	0.010181905
2458704.74879	14.063612	0.010182461
2458704.76882	14.059424	0.010182228
2458704.76927	14.065925	0.010182592
2458705.78187	14.066411	0.010182619
2458705.78232	14.061184	0.010182326
2458705.79781	14.078202	0.010183322
2458705.80269	14.061901	0.010182366
2458705.81313	14.058182	0.010182162
2458705.84724	14.057649	0.010182133
2458705.8477	14.056626	0.010182078
2458705.95683	14.042575	0.010181362
2458706.773	14.048674	0.010181664
2458706.77345	14.056567	0.010182073
2458706.77746	14.057223	0.01018211
2458706.80514	14.0517235	0.010181819
2458706.80559	14.052163	0.010181841
2458706.81463	14.067272	0.01018267
2458706.8299	14.064366	0.010182505
2458706.83035	14.057958	0.01018215
2458706.85301	14.061283	0.010031955
2458706.85346	14.062651	0.010031893
2458707.79321	14.067612	0.010182689
2458707.79367	14.068785	0.010182758
2458707.81347	14.060596	0.010182293
2458707.81647	14.060843	0.010182307
2458707.8327	14.06871	0.010182753
2458707.84981	14.038807	0.010181182
2458707.85026	14.067325	0.010182672
2458708.76789	14.067061	0.010182657
2458708.76834	14.070045	0.010182831
2458708.78308	14.063918	0.010182478
2458708.79152	14.068354	0.010182732
2458708.79921	14.062894	0.010182422
2458708.81847	14.059924	0.010182256
2458708.83091	14.075688	0.010183168
2458708.83136	14.062142	0.010182379
2458708.9927	14.056076	0.010182047
2458709.78858	14.061247	0.010182329
2458709.78904	14.052461	0.010181857
2458709.80352	14.063326	0.010182445
2458709.8078	14.077128	0.010183256
2458709.81868	14.072448	0.010182973
2458709.83667	14.062101	0.010182377
2458709.85767	14.081254	0.010183513
2458709.85813	14.052046	0.010181836
2458709.85858	14.088342	0.010030867
2458710.75481	14.078516	0.010183342
2458710.75526	14.046855	0.010181571
2458710.78492	14.062824	0.010182416
2458710.7991	14.054305	0.010181953
2458710.79955	14.071445	0.010182913
2458710.81211	14.059793	0.010182248
2458710.82338	14.048339	0.010181647
2458710.86846	14.074672	0.0100313835
2458710.86891	14.077377	0.010031275
2458711.8308	14.077302	0.010031278
2458711.83125	14.069847	0.010031583
2458711.9068	14.068471	0.010182738
2458712.76078	14.070706	0.01018287
2458712.76124	14.06165	0.010182351
2458712.79935	14.070078	0.010182833
2458712.81321	14.059461	0.010182231
2458712.83418	14.063155	0.010182437
2458712.83463	14.059123	0.010182211
2458712.8632	14.081754	0.010031107
2458712.86365	14.068982	0.010031617
2458713.79485	14.087798	0.010183934
2458713.80097	14.057269	0.0101821115
2458713.81699	14.063192	0.0101824375
2458713.8287	14.064935	0.010182535
2458713.82915	14.037368	0.010181115
2458713.8738	14.087066	0.010030912
2458713.87424	14.075304	0.010031357
2458714.76035	14.058092	0.010182157
2458714.76081	14.063523	0.010182456
2458714.78255	14.063213	0.010182439
2458714.78864	14.0503	0.010181746
2458714.81805	14.052543	0.010181861
2458714.83937	14.060003	0.010182261
2458714.83983	14.060416	0.010182283
2458714.87044	14.058601	0.010182184
2458714.8921	14.079081	0.010031208
2458714.89255	14.070021	0.010031574
2458715.88692	14.067718	0.010031671
2458715.88737	14.065842	0.010031752
2458716.91202	14.07504	0.010031369
2458716.91247	14.071798	0.0100315
2458717.82382	14.057578	0.010182128
2458717.82472	14.067717	0.010182695
2458719.89825	14.06603	0.010031745
2458719.8987	14.072891	0.010031456
2458722.82195	14.057606	0.01018213
2458723.88447	14.040616	0.010181269
2458724.883	14.056823	0.010182088
2458726.81024	14.067071	0.010182657
2458726.81984	14.065159	0.010031783
2458726.82119	14.074468	0.010031391
2458730.89842	14.063247	0.010182441
2458730.89932	14.058673	0.010182188
2458733.88772	14.0619335	0.010182368
2458733.89095	14.040642	0.01018127
2458734.87784	14.056172	0.010182053
2458735.6632	14.066958	0.010182652
2458735.66365	14.0578785	0.010182145
2458735.68101	14.056648	0.010182078
2458735.69461	14.057057	0.010182101
2458735.72003	14.042689	0.010181367
2458735.73424	14.071097	0.010182893
2458735.89173	14.056743	0.010182083
2458736.88961	14.070698	0.010031546
2458736.89007	14.060977	0.010031969
2458736.92757	14.0565815	0.010182074
2458736.92847	14.058128	0.010182159
2458737.7106	14.060999	0.010182315
2458737.71105	14.065157	0.010182548
2458737.75185	14.07364	0.010183045
2458737.7538	14.052958	0.010181883
2458737.76433	14.071858	0.010182938
2458737.76999	14.063938	0.010182479
2458737.77472	14.06063	0.010182295
2458738.67237	14.071048	0.010182889
2458738.72238	14.061645	0.010182351
2458738.73208	14.069802	0.0101828175
2458738.76382	14.064733	0.010182524
2458738.76427	14.047986	0.010181629
2458738.78158	14.069786	0.010182816
2458738.78404	14.072835	0.010182996
2458738.80289	14.071035	0.010182889
2458738.80897	14.058913	0.010182201
2458738.8127	14.071705	0.010182929
2458738.82461	14.0348425	0.010180999
2458738.82506	14.044604	0.01018146
2458738.85828	14.074319	0.010031398
2458738.88324	14.07344	0.010183032
2458739.6713	14.060412	0.010182283
2458739.72186	14.090998	0.0101841455
2458739.73156	14.04666	0.010181562
2458739.76857	14.066401	0.010182618
2458739.76903	14.074143	0.010183075
2458739.77518	14.081727	0.010183544
2458739.77663	14.061934	0.010182368
2458739.78484	14.062737	0.010182412
2458739.79048	14.068438	0.010182736
2458739.8155	14.067718	0.010182695
2458739.82599	14.067024	0.0101826545
2458739.82645	14.06243	0.010182395
2458739.86535	14.066506	0.010031724
2458739.8658	14.085371	0.010030974
2458740.67173	14.070377	0.01018285
2458740.72215	14.0696125	0.010182806
2458740.73185	14.069724	0.010182812
2458740.78607	14.067197	0.010182665
2458740.78652	14.060385	0.010182282
2458740.79542	14.05539	0.010182012
2458740.79956	14.0514	0.010181801
2458740.8089	14.079842	0.010183424
2458740.82371	14.08504	0.010183754
2458740.83163	14.078184	0.010183321
2458740.85132	14.077185	0.010183261
2458740.85177	14.057196	0.010182108
2458740.86029	14.046857	0.010181571
2458740.87083	14.071521	0.010031511
2458740.87128	14.0886135	0.010030857
2458741.67191	14.076001	0.010183187
2458741.72225	14.075976	0.010183185
2458741.73194	14.0688715	0.0101827625
2458741.76838	14.074976	0.010183126
2458741.76884	14.056864	0.01018209
2458741.77698	14.073896	0.01018306
2458741.78564	14.045063	0.010181482
2458741.79279	14.071875	0.010182939
2458741.80619	14.0695715	0.010182803
2458741.829	14.036628	0.010181081
2458741.82945	14.054658	0.010181972
2458741.86415	14.078152	0.010031246
2458741.86461	14.072927	0.010031454
2458743.67239	14.057536	0.010182126
2458743.72198	14.058363	0.010182171
2458743.73167	14.069062	0.010182773
2458743.75877	14.071823	0.010182936
2458743.75922	14.061143	0.010182324
2458743.77547	14.061467	0.010182342
2458743.77592	14.058482	0.010182178
2458743.78468	14.0652075	0.010182552
2458743.80202	14.059053	0.010182208
2458743.81489	14.065901	0.01018259
2458743.81662	14.073602	0.010183042
2458743.82135	14.065019	0.010182541
2458743.82179	14.067078	0.010182658
2458743.85397	14.066616	0.010182632
2458744.67204	14.063077	0.010182432
2458744.72241	14.064124	0.01018249
2458744.73211	14.064628	0.0101825185
2458744.76723	14.059027	0.010182207
2458744.76768	14.061866	0.010182364
2458744.77704	14.049447	0.010181703
2458744.78232	14.062734	0.010182412
2458744.78404	14.066444	0.010182622
2458744.79386	14.063847	0.010182475
2458744.80159	14.068465	0.010182738
2458744.8321	14.061382	0.010182337
2458744.83255	14.057102	0.010182102
2458744.87377	14.070124	0.010182835
2458744.91003	14.076695	0.0100313015
2458744.91048	14.076101	0.010031327
2458745.67215	14.05634	0.010182062
2458745.72258	14.066416	0.01018262
2458745.73228	14.059756	0.0101822475
2458745.75942	14.070141	0.010182837
2458745.75988	14.081401	0.0101835225
2458745.77552	14.038182	0.010181153
2458745.78541	14.0773535	0.01018327
2458745.81354	14.065335	0.010182559
2458745.81715	14.051996	0.010181833
2458745.82142	14.045563	0.010181507
2458745.83247	14.055997	0.0101820445
2458745.83293	14.055782	0.010182032
2458745.84861	14.063235	0.01018244
2458746.69658	14.049649	0.010181713
2458746.72662	14.06437	0.010182504
2458746.73632	14.068922	0.010182764
2458747.67207	14.062331	0.010182389
2458747.72102	14.055105	0.010181996
2458747.73072	14.056323	0.010182061
2458748.67121	14.052447	0.010181856
2458748.72226	14.059801	0.010182249
2458748.73195	14.063039	0.010182429
2458749.67272	14.058312	0.010182167
2458749.72209	14.068407	0.010182734
2458749.73179	14.056359	0.010182062
2458749.75763	14.065777	0.010182583
2458750.67303	14.039886	0.010181232
2458750.72241	14.064855	0.010182532
2458750.73212	14.07136	0.010182908
2458751.67067	14.060181	0.010182271
2458751.7222	14.0554905	0.0101820165
2458751.73189	14.040936	0.010181283
2458754.67034	14.056584	0.010182075
2458754.72146	14.056267	0.0101820575
2458754.73117	14.061269	0.010182329
2458757.80769	14.061471	0.010182342
2458758.67942	14.063038	0.010182428
2458758.72658	14.054271	0.010181952
2458758.73628	14.041842	0.010181326
2458758.80733	14.041914	0.010181329
2458759.71501	14.057599	0.010182129
2458759.72585	14.066817	0.010182643
2458759.73554	14.056581	0.010182075
2458759.78636	14.045374	0.010181498
2458760.67186	14.064799	0.010182528
2458760.72269	14.064989	0.010182539
2458760.7324	14.042564	0.010181361
2458760.79071	14.063311	0.010182444
2458761.67088	14.05472	0.010181976
2458761.72162	14.056584	0.010182075
2458761.73132	14.059452	0.01018223
2458762.63184	14.075275	0.0101831425
2458762.6706	14.058133	0.010182159
2458762.72316	14.045984	0.0101815285
2458762.73287	14.058196	0.010182163
2458763.67189	14.0624	0.010182393
2458763.72274	14.059336	0.010182224
2458763.73222	14.0564	0.010182064
2458764.65278	14.068103	0.010182717
2458765.65421	14.044702	0.010181465
2458766.65285	14.062228	0.0101823835
2458767.65331	14.05725	0.0101821115
2458768.65463	14.044818	0.01018147
2458769.65453	14.0647135	0.010182523
2458770.65459	14.059698	0.010182245
2458771.6548	14.067316	0.010182671
2458772.6551	14.062986	0.010182426
2458773.65372	14.037413	0.010181117
2458774.65399	14.054232	0.0101819495
2458775.65371	14.052459	0.010181857
2458776.65292	14.062821	0.010182417
2458777.65332	14.074683	0.010183108
2458778.65348	14.058781	0.010182193
2458779.65328	14.0620165	0.010182372
2458781.65314	14.057168	0.010182106
2458782.65222	14.05054	0.010181758
2458783.65339	14.067496	0.010182682
2458785.653	14.050215	0.010181742
2458786.65987	14.052076	0.010181837
2458787.6522	14.060194	0.010182271
2458788.65307	14.051796	0.010181823
2458789.65341	14.044481	0.010181454
2458790.64261	14.051082	0.010181786
2458790.6821	14.046426	0.01018155
2458792.65968	14.075623	0.010183164
2458793.6125	14.050209	0.010181741
2458796.61554	14.057769	0.0101821385
2458798.75837	14.058461	0.010182178
2458799.72649	14.066083	0.010182601
2458800.76286	14.059281	0.0101822205
2458803.74247	14.071024	0.010182889
2458806.73568	14.055211	0.010182003
2458811.63865	14.057142	0.010182105
2458819.66617	14.06435	0.010182503
2458831.59358	14.067337	0.010182673
2458837.57655	14.042975	0.010181381
2458838.60169	14.046649	0.01018156
2458846.6237	14.045589	0.010181509
2458849.58342	14.074701	0.010183109
2458850.61221	14.087441	0.010183911
2458854.65738	14.043313	0.010181397
2458856.63384	14.081712	0.010183543
2458859.65992	14.067772	0.010182699
2458872.62136	14.036231	0.010181062
2458875.61089	14.073637	0.010183044
2458878.63693	14.02394	0.0101805255
2458881.61986	14.083326	0.0101836445
2458885.63374	14.060655	0.010182297
2458987.97306	14.053101	0.010181891
2458996.97663	14.075309	0.010183144
2459002.96966	14.064978	0.010182538
2459013.86093	14.049266	0.010181693
2459016.97001	14.06362	0.010182461
2459022.97036	14.059202	0.010182216
2459028.97255	14.053515	0.010181912
2459031.94299	14.07021	0.01018284
2459034.88674	14.067687	0.010182694
2459035.87341	14.055082	0.010181996
2459036.86782	14.07183	0.010182937
2459037.95035	14.055226	0.010182003
2459037.98646	14.067518	0.010182683
2459038.88254	14.075298	0.010183144
2459039.94549	14.063068	0.01018243
2459040.8954	14.066632	0.010182633
2459041.98866	14.081706	0.010183542
2459042.88875	14.050942	0.010181779
2459042.98828	14.048579	0.010181659
2459043.89251	14.055771	0.010182031
2459044.98307	14.05445	0.010181961
2459046.89629	14.062539	0.010182401
2459046.95622	14.049264	0.010181692
2459049.91029	14.051051	0.010181785
2459050.99001	14.064201	0.010182494
2459052.9120899998	14.057868	0.010182145
2459052.91687	14.057611	0.01018213
2459054.87426	14.058094	0.010182156
2459055.86767	14.06034	0.010182278
2459056.89736	14.065985	0.010182595
2459059.95018	14.061035	0.010182316
2459059.95643	14.069337	0.0101827895
2459060.95935	14.061546	0.010182345
2459061.80969	14.082496	0.010183591
2459062.83277	14.051241	0.010181794
2459062.97365	14.065005	0.010182541
2459063.8066600002	14.072464	0.010182975
2459064.82914	14.069896	0.010182822
2459065.86268	14.054718	0.010181976
2459065.94133	14.060455	0.010182286
2459066.99834	14.078865	0.010183364
2459068.87456	14.064211	0.010182494
2459068.88005	14.065771	0.010182583
2459069.93672	14.053896	0.010181933
2459071.8444	14.052768	0.010181873
2459071.86636	14.065531	0.010182571
2459073.0075	14.067387	0.010182676
2459077.97976	14.030636	0.010180812
2459078.85546	14.071135	0.010182895
2459079.86413	14.057659	0.010182133
2459080.82465	14.063549	0.010182457
2459080.86732	14.054793	0.010181979
2459081.89375	14.061763	0.010182357
2459084.8045	14.050529	0.010181759
2459086.84716	14.05924	0.010182219
2459087.8692	14.05824	0.010182165
2459088.88963	14.042003	0.010181334
2459090.9524	14.068503	0.010182741
2459093.86351	14.063685	0.010182465
2459094.85346	14.051065	0.010181786
2459095.89742	14.077125	0.010183256
2459096.80579	14.0799675	0.010183431
2459097.8071	14.073775	0.010183052
2459098.84938	14.069691	0.010182809
2459106.84999	14.059813	0.01018225
2459109.74912	14.057251	0.010182111
2459112.85168	14.067126	0.010182662
2459113.79051	14.044789	0.010181469
2459115.79953	14.052069	0.010181837
2459115.87114	14.05893	0.010182202
2459118.74132	14.037661	0.010181128
2459118.82045	14.071115	0.010182894
2459122.72994	14.06507	0.010182543
2459123.81216	14.06927	0.010182785
2459124.78152	14.080337	0.010183455
2459125.79473	14.054767	0.010181978
2459126.82765	14.043162	0.010181391
2459129.71864	14.05759	0.010182128
2459134.6824	14.066158	0.010182605
2459136.68556	14.05189	0.0101818275
2459138.79418	14.066018	0.010182597
2459140.72381	14.064905	0.010182534
2459144.72686	14.057361	0.010182117
2459146.68552	14.0687275	0.010182754
2459149.64389	14.066023	0.010182598
2459151.72748	14.0453415	0.010181497
2459153.61874	14.041822	0.010181325
2459155.62245	14.041527	0.010181311
2459157.74818	14.063282	0.010182442
2459164.68387	14.062804	0.010182415
2459167.70482	14.0569105	0.010182092
2459169.68147	14.081208	0.010183511
2459173.72904	14.072455	0.010182974
2459178.72516	14.06711	0.01018266
2459180.67086	14.04967	0.010181714
2459182.60192	14.070208	0.010182841
2459184.61614	14.05039	0.01018175
2459186.62306	14.061936	0.010182367
2459188.62402	14.05275	0.010181872
2459193.79141	14.068838	0.010182761
2459195.61674	14.077711	0.010183292
2459197.70168	14.077882	0.010183303
2459199.61911	14.054379	0.010181958
2459204.66356	14.077035	0.010183251
2459205.64458	14.057884	0.010182146
2459210.60306	14.069655	0.010182808
2459210.60402	14.066614	0.010182631
2459215.62075	14.064664	0.01018252
2459219.67826	14.056693	0.010182081
2459221.69786	14.074434	0.010183093
2459223.61621	14.062672	0.010182409
2459225.65867	14.067149	0.010182662
2459227.6535	14.056927	0.010182094
2459229.61802	14.0756235	0.010183164
2459231.65444	14.05835	0.01018217
2459303.00947	14.063559	0.010182457
2459303.01197	14.081184	0.0101835085
2459303.01445	14.066283	0.010182613
2459303.01695	14.067337	0.010182673
2459303.01944	14.087005	0.010183882
2459304.00834	14.075021	0.0101831285
2459304.01084	14.067105	0.01018266
2459304.01333	14.068592	0.010182747
2459304.01583	14.066781	0.0101826405
2459304.01833	14.080295	0.010183453
2459305.01358	14.060635	0.010182295
2459305.01609	14.124958	0.010186643
2459306.00512	14.059127	0.010182212
2459306.00764	14.072893	0.010182999
2459306.01015	14.064116	0.01018249
2459306.01268	14.0553055	0.010182007
2459306.0152	14.067603	0.010182689
2459307.00243	14.063722	0.010182467
2459307.00496	14.070531	0.010182859
2459307.00748	14.066831	0.010182644
2459307.01	14.076388	0.010183211
2459307.01251	14.067025	0.0101826545
2459308.00297	14.055681	0.010182027
2459308.00548	14.070597	0.010182863
2459308.00799	14.069967	0.010182826
2459308.0105	14.075167	0.010183137
2459308.01302	14.064718	0.010182524
2459309.00056	14.060644	0.010182296
2459309.00253	14.078851	0.010183362
2459309.00451	14.07361	0.010183042
2459309.00648	14.0726	0.010182982
2459309.00846	14.07114	0.010182895
2459311.00093	14.063017	0.010182427
2459311.00294	14.063808	0.010182472
2459311.00494	14.068937	0.010182765
2459311.00696	14.048472	0.010181652
2459311.00897	14.063305	0.010182443
2459311.99954	14.062167	0.010182381
2459312.00156	14.053647	0.01018192
2459312.00356	14.056356	0.010182062
2459312.00557	14.060787	0.010182303
2459312.00759	14.066629	0.010182632
2459312.99904	14.05905	0.010182208
2459313.00106	14.080738	0.010183481
2459313.00307	14.0664425	0.010182621
2459313.00507	14.043832	0.010181421
2459313.00709	14.062786	0.010182415
2459313.99769	14.073887	0.010183059
2459313.99965	14.059432	0.01018223
2459314.00162	14.057128	0.010182104
2459314.00357	14.072355	0.010182968
2459314.00554	14.075205	0.010183139
2459314.99665	14.072464	0.010182975
2459314.99861	14.069042	0.010182772
2459315.00057	14.069127	0.010182777
2459315.00253	14.057608	0.01018213
2459315.0045	14.064473	0.010182509
2459356.88415	14.079336	0.010183394
2459359.92601	14.068534	0.010182743
2459366.90312	14.0622015	0.010182382
2459369.95031	14.054503	0.010181964
2459371.94962	14.054598	0.010181969
2459378.91	14.055299	0.010182006
2459382.94646	14.0605955	0.010182293
2459385.88708	14.048905	0.010181674
2459386.90805	14.075335	0.010183146
2459390.89268	14.070461	0.010182855
2459391.91644	14.064677	0.010182521
2459393.94459	14.071365	0.010182908
2459394.94633	14.057637	0.010182131
2459396.88892	14.053676	0.01018192
2459397.88399	14.066158	0.010182605
2459400.93248	14.059031	0.0101822065
2459402.90363	14.047781	0.010181617
2459404.95625	14.043113	0.010181387
2459407.92962	14.061266	0.010182329
2459409.95522	14.063209	0.010182439
2459411.94928	14.069037	0.010182772
2459414.95387	14.056989	0.010182097
2459418.88651	14.059699	0.010182244
2459422.90474	14.082208	0.010183573
2459424.86098	14.07872	0.010183355
2459428.87276	14.079609	0.01018341
2459430.85118	14.071665	0.010182926
2459443.80958	14.023791	0.010180519
2459448.81387	14.030402	0.010180801
2459450.8447	14.0646925	0.010182522
2459453.80978	14.033994	0.01018096
2459455.79126	14.05959	0.010182237
2459459.77086	14.045854	0.010181522
2459461.78837	14.0535345	0.010181913
2459463.78344	14.065954	0.010182593
2459465.84994	14.062609	0.010182405
2459467.87032	14.056263	0.0101820575
2459469.87112	14.044236	0.010181441
2459471.7397	14.059879	0.010182254
2459473.93207	14.048719	0.010181666
2459476.83445	14.059597	0.010182238
2459478.74705	14.067967	0.01018271
2459480.7701	14.077234	0.010183263
2459485.72721	14.059961	0.010182259
2459487.83112	14.064055	0.010182486
2459489.79524	14.059285	0.0101822205
2459491.72262	14.029041	0.010180742
2459497.81434	14.057157	0.010182107
2459502.82276	14.067658	0.010182692
2459504.79453	14.081693	0.010183541
2459517.6449	14.080717	0.01018348
2459520.7473	14.055683	0.010182027
2459522.70282	14.064909	0.010182534
2459524.72466	14.068659	0.01018275
2459526.66242	14.068339	0.010182731
2459529.70225	14.0690975	0.010182776
2459531.65993	14.067476	0.010182681
2459537.82646	14.072982	0.010183004
2459540.66151	14.053513	0.010181913
2459550.61876	14.068078	0.010182715
2459671.00264	14.051068	0.010181786
2459671.00517	14.073403	0.01018303
2459671.00769	14.072777	0.0101829935
2459671.01021	14.068908	0.010182764
2459671.01273	14.082581	0.010183598
2459672.00054	14.067486	0.010182682
2459672.00306	14.07581	0.010183176
2459672.00557	14.056348	0.010182061
2459672.00809	14.051442	0.010181804
2459672.01062	14.064064	0.010182487
2459673.9966	14.05785	0.010182142
2459673.99914	14.0624895	0.010182398
2459674.00168	14.059505	0.0101822335
2459674.00676	14.048488	0.010181653
2459674.99678	14.072169	0.010182956
2459675.00187	14.081887	0.010183553
2459675.00442	14.080304	0.010183453
2459675.00696	14.056519	0.0101820715
2459675.99629	14.039269	0.0101812035
2459675.99883	14.073735	0.010183049
2459676.00137	14.058926	0.010182201
2459676.00391	14.066281	0.010182612
2459676.00645	14.07153	0.010182918
2459677.00039	14.056167	0.010182052
2459677.00539	14.052779	0.010181874
2459677.99589	14.048276	0.010181643
2459677.99839	14.081529	0.010183531
2459678.00089	14.078953	0.01018337
2459678.00339	14.061976	0.0101823695
2459678.00589	14.068421	0.0101827355
2459678.9949	14.082248	0.0101835765
2459678.9974	14.068554	0.010182744
2459678.9999	14.04796	0.010181627
2459679.00242	14.0892315	0.010184028
2459679.99381	14.096854	0.010184545
2459679.99631	14.043402	0.010181402
2459679.99881	14.070505	0.0101828575
2459680.00132	14.058458	0.010182176
2459680.00382	14.046439	0.01018155
2459682.98921	14.080216	0.010183448
2459682.99164	14.057459	0.010182122
2459682.99408	14.068512	0.01018274
2459682.99651	14.06628	0.010182613
2459682.99894	14.065571	0.0101825725
2459683.98868	14.068909	0.010182764
2459683.99112	14.075922	0.010183182
2459683.99356	14.067055	0.010182657
2459683.99599	14.064061	0.010182486
2459683.99843	14.069969	0.010182827
2459684.98933	14.066001	0.010182596
2459684.99181	14.058015	0.0101821525
2459684.9943	14.064154	0.0101824915
2459684.99676	14.076391	0.0101832105
2459684.99924	14.066858	0.010182645
2459685.98862	14.060483	0.010182288
2459685.99108	14.074265	0.010183082
2459685.99356	14.070978	0.010182886
2459685.99603	14.061649	0.010182351
2459685.9985	14.066064	0.0101826
2459687.9852	14.071731	0.01018293
2459687.98767	14.06779	0.0101827
2459687.99013	14.062361	0.010182391
2459687.9926	14.067973	0.01018271
2459687.99507	14.064665	0.01018252
2459689.98339	14.0551195	0.010181997
2459689.98581	14.068827	0.010182759
2459689.98824	14.066598	0.01018263
2459689.99066	14.063263	0.010182442
2459689.99307	14.063272	0.010182442
2459707.92208	14.04632	0.010181544
2459707.96312	14.06091	0.01018231
2459736.93542	14.059871	0.010182253
2459739.9542	14.066258	0.010182612
2459742.90931	14.062623	0.010182406
2459744.91017	14.070507	0.010182857
2459748.93231	14.062614	0.010182406
2459751.89981	14.065422	0.010182563
2459753.94821	14.040292	0.010181252
2459756.88059	14.053903	0.010181933
2459763.92823	14.057559	0.010182127
2459765.95075	14.04657	0.010181556
2459773.91127	14.079343	0.010183394
2459773.96321	14.062207	0.010182383
2459776.89205	14.036586	0.010181079
2459776.95445	14.047585	0.010181608
2459779.88783	14.051138	0.010181789
2459779.96564	14.047573	0.010181607
2459785.88615	14.076819	0.0101832375
2459787.84475	14.059078	0.01018221
2459789.95728	14.067446	0.01018268
2459795.88923	14.046484	0.010181553
2459798.86578	14.077284	0.010183266
2459801.95124	14.055167	0.010181999
2459803.85349	14.039952	0.010181236
2459806.86464	14.058981	0.010182205
2459808.84723	14.072697	0.010182988
2459810.78972	14.065146	0.010182547
2459812.82778	14.082784	0.01018361
2459814.89074	14.034408	0.010180979
2459816.89125	14.062537	0.0101824
2459818.90972	14.044606	0.01018146
2459822.807	14.051038	0.010181785
2459824.82484	14.043708	0.010181417
2459826.7892	14.051518	0.010181807
2459843.77079	14.0659	0.010182591
2459847.7462	14.038705	0.0101811765
2459849.68753	14.052298	0.010181849
2459851.67997	14.044478	0.010181455
2459853.77349	14.034388	0.010180978
2459855.816	14.075244	0.010183141
2459861.78181	14.064705	0.010182523
2459865.66357	14.057609	0.010182131
2459867.69024	14.058522	0.0101821795
2459870.76863	14.063544	0.010182457
2459872.70532	14.057107	0.010182102
2459874.6663	14.0715	0.010182916
2459877.81031	14.05483	0.010181981
2459879.77241	14.039652	0.010181221
2459881.74933	14.050359	0.010181749
2459883.63664	14.064111	0.010182489
2459889.78301	14.057325	0.010182114
2459894.64195	14.062484	0.010182398
2459900.74319	14.040533	0.010181264
2459902.66257	14.066897	0.010182649
2459904.71448	14.049271	0.010181693
2459908.65993	14.063029	0.010182429
2459910.6673	14.071894	0.01018294
2459913.65835	14.07017	0.010182839
2459922.67645	14.060322	0.010182279
2459924.64359	14.069739	0.010182813
2459933.66658	14.064677	0.010182521
2459937.70096	14.06444	0.010182507
2459951.65592	14.067669	0.010182692
2459958.64279	14.057316	0.010182114
2459972.65778	14.037854	0.010181137
