oid,filter,mjd,mag,magerr,clrcoeff
804115300009224,zg,58228.48566,13.659035,0.01011747,-0.05860706
804115300009224,zg,58235.50057,13.671927,0.010126681,-0.04158406
804115300009224,zg,58244.4492,13.707002,0.010151942,-0.07876449
804215300012879,zr,58244.4838,13.390867,0.010497823,0.09672722
804215300012879,zr,58246.44771,13.387349,0.010496723,0.09618078
804115300009224,zg,58246.48363,13.701246,0.010147776,-0.055402625
804215300012879,zr,58247.46619,13.416906,0.010506051,0.0944902
804115300009224,zg,58247.4851,13.703801,0.010149625,-0.060226537
804215300012879,zr,58249.45015,13.394434,0.010498942,0.105231486
804215300012879,zr,58249.46583,13.387924,0.010496903,0.10683681
804115300009224,zg,58252.4636,13.708243,0.010152843,-0.101774365
804115300009224,zg,58254.44441,13.704123,0.010149858,-0.077895366
804215300012879,zr,58254.48708,13.398156,0.010500111,0.08936111
804115300009224,zg,58255.42794,13.679354,0.010132005,-0.059012037
804215300012879,zr,58255.46483,13.410352,0.010503965,0.08123289
804215300012879,zr,58256.42379,13.419593,0.0105069075,0.075868845
804215300012879,zr,58256.46605,13.430112,0.010510281,0.075155824
804215300012879,zr,58257.42188,13.417434,0.010506219,0.090217665
804215300012879,zr,58257.46849,13.426572,0.010509144,0.09067205
804215300012879,zr,58258.45375,13.413182,0.010504865,0.092770115
804115300009224,zg,58262.47547,13.691318,0.01014061,-0.032026626
804215300012879,zr,58263.37746,13.400602,0.010500882,0.09929241
804115300009224,zg,58263.46329,13.70083,0.010147477,-0.034448594
804215300012879,zr,58266.38248,13.419055,0.010506737,0.0866873
804115300009224,zg,58267.46611,13.688611,0.01013866,-0.04371009
804215300012879,zr,58268.45156,13.406795,0.0105028385,0.08865275
804115300009224,zg,58268.46672,13.685885,0.010136699,-0.047902625
804215300012879,zr,58269.42508,13.435304,0.010511955,0.07453409
804115300009224,zg,58269.47191,13.713865,0.010156921,-0.04321254
804215300012879,zr,58270.42593,13.417557,0.010506259,0.08780538
804115300009224,zg,58270.46888,13.696237,0.010144157,-0.029074764
804215300012879,zr,58271.44784,13.386756,0.010496537,0.08831173
804115300009224,zg,58272.43138,13.705471,0.010150834,-0.06549008
804215300012879,zr,58272.46349,13.429035,0.010509935,0.086514406
804215300012879,zr,58273.42498,13.417122,0.01050612,0.082967736
804115300009224,zg,58273.46389,13.699506,0.010146519,-0.07993701
804115300009224,zg,58274.4448,13.6993265,0.010146389,-0.09044881
804215300012879,zr,58274.47125,13.42791,0.010509574,0.083735816
804115300009224,zg,58276.40651,13.7019,0.010148249,-0.07308674
804215300012879,zr,58276.46659,13.411836,0.010504438,0.089710414
804215300012879,zr,58277.43098,13.410041,0.010503868,0.09005849
804115300009224,zg,58277.44765,13.694372,0.010142812,-0.09063078
804115300009224,zg,58278.43391,13.709653,0.0101538645,-0.077529304
804215300012879,zr,58278.46927,13.415394,0.010505568,0.08336183
804215300012879,zr,58279.42932,13.417285,0.010506172,0.08959984
804115300009224,zg,58279.45481,13.710005,0.010154119,-0.07121158
804215300012879,zr,58280.37018,13.414347,0.010505236,0.07189768
804115300009224,zg,58280.45347,13.681715,0.0101337,-0.06845237
804115300009224,zg,58281.43022,13.712654,0.010156041,-0.084033035
804215300012879,zr,58281.46961,13.417563,0.01050626,0.08854541
804115300009224,zg,58282.42625,13.686383,0.010137057,-0.062065184
804215300012879,zr,58282.4687,13.394875,0.01049908,0.09839088
804215300012879,zr,58283.3867,13.40836,0.010503334,0.08432817
804115300009224,zg,58283.45229,13.680087,0.010132532,-0.05636961
804215300012879,zr,58285.40713,13.418852,0.010506673,0.086344674
804115300009224,zg,58285.44939,13.697517,0.010145082,-0.07399958
804115300009224,zg,58286.43079,13.702438,0.010148639,-0.091579385
804215300012879,zr,58286.4755,13.407952,0.0105032055,0.087457865
804115300009224,zg,58287.43194,13.704014,0.010149779,-0.08487342
804215300012879,zr,58287.46534,13.41708,0.0105061075,0.07948226
804115300009224,zg,58288.43046,13.696727,0.010144511,-0.05455698
804215300012879,zr,58288.47288,13.392956,0.010498477,0.09269067
804115300009224,zg,58289.42194,13.697313,0.010144935,-0.068036735
804215300012879,zr,58289.47701,13.387253,0.010496693,0.088671036
804115300009224,zg,58290.45295,13.699692,0.010146654,-0.066510834
804215300012879,zr,58290.47595,13.4056,0.01050246,0.0888553
804115300009224,zg,58291.4542,13.7173195,0.01015943,-0.059555132
804215300012879,zr,58291.47149,13.401131,0.0105010485,0.092318065
804215300012879,zr,58292.4705,13.405782,0.010502518,0.09009211
804115300009224,zg,58293.45312,13.70441,0.010150065,-0.07409147
804215300012879,zr,58293.47258,13.404898,0.010502238,0.083466895
804115300009224,zg,58294.45685,13.71331,0.010156517,-0.06856688
804215300012879,zr,58294.47219,13.41347,0.010504957,0.090280764
804215300012879,zr,58296.36498,13.402472,0.010501471,0.08375153
804115300009224,zg,58296.46705,13.700292,0.010147087,-0.060884804
804115300009224,zg,58297.46987,13.700515,0.010147247,-0.053262763
804215300012879,zr,58298.44618,13.397945,0.010500045,0.09692229
804115300009224,zg,58298.47139,13.681404,0.010133478,-0.04100516
804215300012879,zr,58299.41429,13.3962965,0.010499527,0.09219385
804115300009224,zg,58299.46903,13.709648,0.01015386,-0.045417104
804215300012879,zr,58300.42825,13.396043,0.010499447,0.08620096
804215300012879,zr,58301.44969,13.407149,0.010502951,0.09229637
804115300009224,zg,58301.47017,13.688296,0.0101384325,-0.049222488
804115300009224,zg,58302.45134,13.694289,0.010142752,-0.046621036
804115300009224,zg,58303.44434,13.713308,0.010156516,-0.08747859
804215300012879,zr,58303.47808,13.412444,0.010504631,0.09116747
804215300012879,zr,58304.38312,13.412323,0.010504592,0.08127267
804115300009224,zg,58304.44571,13.702913,0.0101489825,-0.10090076
804215300012879,zr,58305.40354,13.391003,0.010497866,0.09068202
804115300009224,zg,58305.47221,13.698796,0.010146006,-0.07636009
804215300012879,zr,58307.41057,13.403306,0.010501735,0.09212345
804115300009224,zg,58307.44991,13.693459,0.010142152,-0.05504011
804115300009224,zg,58310.36583,13.693123,0.010141911,-0.059007302
804215300012879,zr,58310.4257,13.422142,0.010507723,0.09391058
804215300012879,zr,58312.4279,13.416813,0.010506022,0.09078482
804115300009224,zg,58312.46571,13.692489,0.010141453,-0.051728677
804115300009224,zg,58316.40899,13.697686,0.010145204,-0.04487767
804215300012879,zr,58316.44845,13.412241,0.010504566,0.086351804
804115300009224,zg,58318.42578,13.719202,0.0101608,-0.030382993
804115300009224,zg,58319.4075,13.682299,0.0101341205,-0.039802704
804215300012879,zr,58319.45771,13.405596,0.010502459,0.088647775
804215300012879,zr,58320.3876,13.436786,0.010512434,0.08673135
804115300009224,zg,58320.45807,13.673519,0.010127822,-0.043996636
804115300009224,zg,58321.43409,13.700534,0.010147261,-0.044367038
804215300012879,zr,58321.46759,13.404666,0.010502164,0.09045245
804215300012879,zr,58322.40504,13.423401,0.010508127,0.08459151
804115300009224,zg,58322.44913,13.685303,0.010136279,-0.032571975
804115300009224,zg,58323.4557,13.646537,0.010108578,-0.034258
804215300012879,zr,58323.47745,13.386072,0.010496325,0.09143528
804115300009224,zg,58324.4545,13.688357,0.010138477,-0.02170215
804215300012879,zr,58324.47402,13.410547,0.010504028,0.08961301
804115300009224,zg,58325.40213,13.675159,0.010128997,-0.02564436
804215300012879,zr,58325.47376,13.406214,0.010502654,0.090230286
1837207400049966,zr,58326.39578,13.387274,0.00942848,0.09470142
1837207400049966,zr,58326.39625,13.38606,0.009428269,0.09580512
804215300012879,zr,58326.41423,13.418288,0.010506492,0.08858635
804115300009224,zg,58326.48394,13.6967745,0.010144545,-0.05582136
1837207400049966,zr,58327.37042,13.4116955,0.009432799,0.0988918
1837207400049966,zr,58327.37088,13.34696,0.009421607,0.09521001
804215300012879,zr,58327.40356,13.418332,0.010506506,0.08134806
804115300009224,zg,58327.47442,13.67756,0.010130717,-0.043401994
1837207400049966,zr,58328.36902,13.372778,0.009425973,0.101274274
1837207400049966,zr,58328.36947,13.346887,0.009421594,0.09753155
804215300012879,zr,58328.40657,13.396111,0.010499468,0.090879135
804215300012879,zr,58329.36345,13.414719,0.010505354,0.08683207
1837107400000635,zg,58329.43828,13.682498,0.013481921,-0.06581557
1837107400000635,zg,58329.43873,13.676481,0.013482794,-0.0713406
1837207400049966,zr,58330.3882,13.38265,0.009427677,0.095427334
1837207400049966,zr,58330.38866,13.379863,0.009427193,0.09669226
804215300012879,zr,58330.40258,13.373162,0.010492314,0.0911011
804115300009224,zg,58330.47438,13.680624,0.010132917,-0.03159589
1837207400049966,zr,58331.38675,13.379035,0.00942705,0.095506944
1837207400049966,zr,58331.38721,13.3598385,0.009423768,0.09643713
1837207400049966,zr,58332.38078,13.389241,0.009428824,0.09342214
1837207400049966,zr,58332.38123,13.396779,0.009430148,0.09378258
804115300009224,zg,58332.4499,13.700726,0.0101474,-0.035014424
804215300012879,zr,58333.33866,13.429626,0.010510126,0.09120689
804115300009224,zg,58333.44611,13.674116,0.010128249,-0.021642448
804115300009224,zg,58334.32064,13.678135,0.010131131,-0.038062006
804215300012879,zr,58334.36231,13.399533,0.010500545,0.09139579
1837207400049966,zr,58334.40263,13.385667,0.009428199,0.09947644
1837207400049966,zr,58334.40309,13.387851,0.009428581,0.1007363
804215300012879,zr,58335.35779,13.398387,0.010500183,0.09549786
1837207400049966,zr,58335.38117,13.391981,0.009429303,0.10055799
1837207400049966,zr,58335.38163,13.387065,0.009428443,0.09870596
804115300009224,zg,58336.32147,13.689443,0.010139259,-0.042261682
804215300012879,zr,58336.34644,13.401878,0.010501285,0.09262371
1837207400049966,zr,58336.37268,13.383539,0.00942783,0.097911865
1837207400049966,zr,58336.37313,13.399555,0.009430638,0.09478363
804215300012879,zr,58337.34555,13.407343,0.010503013,0.09633841
804115300009224,zg,58337.39165,13.707414,0.01015224,-0.024795318
804215300012879,zr,58338.3439,13.41704,0.0105060935,0.089650564
804115300009224,zg,58338.37796,13.700435,0.01014719,-0.031143922
1837107400000635,zg,58338.39517,13.722568,0.013476373,-0.056387793
804215300012879,zr,58342.34326,13.402874,0.0105016,0.09054284
804115300009224,zg,58342.41233,13.690012,0.010139668,-0.0341141
804215300012879,zr,58343.3639,13.384392,0.0104958005,0.089441895
804115300009224,zg,58343.38501,13.677106,0.010130392,-0.021641485
804115300009224,zg,58344.36346,13.710281,0.01015432,-0.035717506
1837107400000635,zg,58344.39215,13.700694,0.013479343,-0.067673184
804215300012879,zr,58344.43367,13.389596,0.010497426,0.0882512
1837207400049966,zr,58345.35395,13.387097,0.00942845,0.10042903
804215300012879,zr,58345.36096,13.406541,0.010502758,0.09472155
804115300009224,zg,58345.40831,13.695202,0.01014341,-0.039081432
804115300009224,zg,58346.34516,13.706152,0.010151327,-0.038962554
804215300012879,zr,58346.39204,13.417984,0.010506395,0.09641452
804115300009224,zg,58347.34691,13.697002,0.01014471,-0.039050706
804215300012879,zr,58347.40926,13.423479,0.010508153,0.08906104
804115300009224,zg,58348.36405,13.688721,0.010138739,-0.027574867
804215300012879,zr,58349.32654,13.408053,0.010503237,0.086658224
804115300009224,zg,58349.37725,13.6767435,0.010130133,-0.03513762
804215300012879,zr,58350.39063,13.416964,0.010506069,0.093006514
804115300009224,zg,58350.43462,13.702153,0.010148432,-0.045393877
804215300012879,zr,58351.38305,13.402815,0.01050158,0.08816502
804115300009224,zg,58351.41859,13.702486,0.010148673,-0.03983358
804215300012879,zr,58352.32455,13.391331,0.010497969,0.08465996
804115300009224,zg,58352.39079,13.679709,0.010132262,-0.04329108
1837207400049966,zr,58353.31479,13.385208,0.009428121,0.0976663
804215300012879,zr,58353.43657,13.400904,0.010500977,0.090561494
804215300012879,zr,58353.47215,13.40345,0.010501781,0.091956414
1837207400049966,zr,58354.28949,13.3912945,0.009429184,0.09584948
804215300012879,zr,58354.31912,13.393804,0.0104987435,0.09332368
804215300012879,zr,58354.4278,13.383127,0.010495407,0.09286983
1837207400049966,zr,58355.31008,13.378872,0.009427021,0.098317906
804215300012879,zr,58355.34051,13.381361,0.010494856,0.09542506
804215300012879,zr,58355.43361,13.3723755,0.01049207,0.09091134
1837207400049966,zr,58356.30517,13.377403,0.009426768,0.100152396
804215300012879,zr,58356.38028,13.392115,0.010498214,0.09416573
804215300012879,zr,58356.46572,13.39086,0.010497821,0.094373696
804215300012879,zr,58357.22213,13.396021,0.01049944,0.093885005
1837207400049966,zr,58357.3252,13.367488,0.009425067,0.1006966
804215300012879,zr,58357.41476,13.413479,0.010504959,0.08889151
804215300012879,zr,58358.41038,13.382422,0.010495187,0.0959268
1837207400049966,zr,58359.35222,13.374289,0.009426232,0.09631231
804215300012879,zr,58359.38123,13.37444,0.010492709,0.09312964
1837207400049966,zr,58360.31274,13.399989,0.009430714,0.10624332
804215300012879,zr,58360.33836,13.409153,0.010503585,0.09091064
804115300009224,zg,58360.4109,13.688137,0.01013832,-0.029819844
1837107400000635,zg,58360.43065,13.69565,0.013480048,-0.020590741
804215300012879,zr,58361.30319,13.402315,0.010501423,0.09090785
1837207400049966,zr,58361.32455,13.37817,0.0094269,0.1009077
804115300009224,zg,58361.38985,13.680736,0.010132996,-0.04052714
804115300009224,zg,58362.26306,13.686527,0.01013716,-0.040197365
804215300012879,zr,58362.32224,13.395427,0.010499253,0.08797764
1837207400049966,zr,58362.3551,13.410185,0.009432529,0.09234988
804215300012879,zr,58363.28401,13.395306,0.010499215,0.08673625
804115300009224,zg,58363.31058,13.685901,0.01013671,-0.032896195
1837107400000635,zg,58363.33174,13.716137,0.013477231,-0.06541973
804115300009224,zg,58364.28499,13.699952,0.010146841,-0.046752978
804215300012879,zr,58364.30842,13.403112,0.010501674,0.09186502
1837207400049966,zr,58364.35703,13.398673,0.009430482,0.096749514
804115300009224,zg,58365.30285,13.682336,0.010134147,-0.047757775
804215300012879,zr,58365.34615,13.409561,0.010503714,0.09154027
1837207400049966,zr,58365.37667,13.392191,0.009429339,0.09675888
804215300012879,zr,58366.33625,13.399731,0.010500607,0.09138027
804115300009224,zg,58366.41029,13.696277,0.010144187,-0.045714546
804115300009224,zg,58367.31548,13.68152,0.010133561,-0.033136833
804215300012879,zr,58367.33639,13.400948,0.010500991,0.091630645
804215300012879,zr,58368.3041,13.385259,0.010496071,0.09290063
1837207400049966,zr,58368.32357,13.391104,0.00942915,0.10091602
804115300009224,zg,58368.37147,13.6937475,0.010142361,-0.049851116
804115300009224,zg,58369.30568,13.693597,0.010142253,-0.056446854
804215300012879,zr,58369.38659,13.401165,0.01050106,0.09203
804215300012879,zr,58370.30143,13.390889,0.010497831,0.09482439
804115300009224,zg,58370.34397,13.696545,0.01014438,-0.054059125
804215300012879,zr,58371.31106,13.3950615,0.010499138,0.09530894
804115300009224,zg,58371.34639,13.693001,0.010141823,-0.052439205
804115300009224,zg,58372.28523,13.6951275,0.010143357,-0.057927012
804215300012879,zr,58372.36702,13.402102,0.010501355,0.09451993
804215300012879,zr,58373.3062,13.397332,0.010499852,0.09465797
804115300009224,zg,58373.37352,13.694685,0.010143039,-0.06293047
804115300009224,zg,58374.28607,13.688229,0.010138385,-0.048364095
804215300012879,zr,58374.32938,13.390172,0.010497606,0.093884096
804115300009224,zg,58375.30488,13.689391,0.010139222,-0.051970668
804215300012879,zr,58375.36567,13.411664,0.010504383,0.09224908
804115300009224,zg,58376.30636,13.689353,0.010139194,-0.073473416
804215300012879,zr,58376.37077,13.403809,0.010501893,0.087492764
804215300012879,zr,58377.29295,13.400566,0.01050087,0.089935265
804115300009224,zg,58377.34865,13.6835,0.010134984,-0.05608306
1837207400049966,zr,58378.26833,13.389851,0.0094289305,0.097245745
804215300012879,zr,58378.28713,13.408638,0.010503422,0.092781276
804115300009224,zg,58378.32841,13.704242,0.010149944,-0.041979216
1837207400049966,zr,58379.27125,13.427935,0.0094357375,0.09561225
804215300012879,zr,58379.30452,13.401306,0.010501104,0.0909107
804115300009224,zg,58379.34567,13.6988735,0.010146062,-0.056095414
804215300012879,zr,58380.32804,13.410746,0.01050409,0.06760303
804215300012879,zr,58382.34947,13.408837,0.010503485,0.088884175
804115300009224,zg,58382.40737,13.698699,0.010145936,-0.052051425
804215300012879,zr,58383.30706,13.390393,0.010497675,0.0917555
804115300009224,zg,58383.43008,13.686264,0.01013697,-0.024040075
804215300012879,zr,58384.20276,13.390925,0.010497841,0.09112679
804115300009224,zg,58384.33844,13.704583,0.01015019,-0.032855134
804215300012879,zr,58385.26942,13.414302,0.010505221,0.08546558
804115300009224,zg,58385.35082,13.709312,0.010153617,-0.053973153
804115300009224,zg,58386.17943,13.69482,0.010143136,-0.08755686
804215300012879,zr,58386.2765,13.398914,0.01050035,0.08488641
804115300009224,zg,58387.28655,13.705984,0.010151206,-0.040331952
804315300012535,zi,58387.36349,13.298596,0.011866849,0.19482565
804215300012879,zr,58387.429,13.406784,0.010502835,0.08490592
804215300012879,zr,58388.25736,13.401558,0.010501184,0.08885207
804115300009224,zg,58388.32014,13.698678,0.01014592,-0.03908166
804115300009224,zg,58389.2056,13.686113,0.010136863,-0.045490906
804215300012879,zr,58389.25598,13.415797,0.010505697,0.08071816
804215300012879,zr,58390.19492,13.417371,0.010506199,0.09027297
804215300012879,zr,58400.21747,13.41473,0.010505357,0.08789499
804115300009224,zg,58400.26644,13.704014,0.010149779,-0.070546366
804115300009224,zg,58425.15212,13.659389,0.010117723,-0.0662204
804115300009224,zg,58426.21914,13.692116,0.0101411855,-0.063280806
804215300012879,zr,58428.12408,13.367825,0.010490666,0.103071265
804115300009224,zg,58428.18426,13.658254,0.010116914,-0.03762362
804215300012879,zr,58429.14355,13.3888,0.010497176,0.09265554
804115300009224,zg,58429.22438,13.679416,0.01013205,-0.042018473
804115300009224,zg,58430.16415,13.68921,0.010139092,-0.06267204
804215300012879,zr,58430.1903,13.390241,0.010497627,0.09953956
1837107400000635,zg,58430.33618,13.69749,0.013479789,-0.07693045
804215300012879,zr,58431.17984,13.3624115,0.010489001,0.10210133
804115300009224,zg,58431.2269,13.683699,0.010135126,-0.041733958
804115300009224,zg,58434.1583,13.680172,0.010132592,-0.03837282
804215300012879,zr,58434.20856,13.39167,0.010498076,0.093925774
804115300009224,zg,58435.19546,13.697558,0.010145111,-0.05438058
804215300012879,zr,58435.26418,13.381019,0.01049475,0.09757939
804115300009224,zg,58436.23566,13.684127,0.010135434,-0.039526515
804115300009224,zg,58437.22479,13.678849,0.010131643,-0.05053491
804215300012879,zr,58437.26132,13.387545,0.010496784,0.10147069
804215300012879,zr,58439.21311,13.397531,0.010499915,0.086340725
804215300012879,zr,58439.21356,13.388937,0.01049722,0.094804645
804215300012879,zr,58439.22267,13.453195,0.010517771,0.08213317
804215300012879,zr,58439.22312,13.383262,0.010495448,0.089616545
804215300012879,zr,58439.23244,13.391601,0.010498053,0.087331794
1837207400049966,zr,58439.24071,13.403327,0.009431306,0.09585063
804215300012879,zr,58441.2137,13.406281,0.0105026765,0.083285786
804215300012879,zr,58441.21416,13.405349,0.01050238,0.08734113
804215300012879,zr,58441.22347,13.394832,0.010499066,0.08949007
804215300012879,zr,58441.22392,13.386027,0.010496311,0.090749
804115300009224,zg,58441.25179,13.672729,0.010127256,-0.04668041
804215300012879,zr,58441.28616,13.403879,0.010501916,0.10103918
804215300012879,zr,58442.26614,13.38248,0.010495204,0.0880552
1837207400049966,zr,58443.09509,13.41701,0.009433755,0.09536984
1837107400000635,zg,58443.25023,13.692707,0.013480461,-0.07673955
804215300012879,zr,58447.3478,13.396793,0.010499682,0.10036498
804215300012879,zr,58449.22238,13.376502,0.010493347,0.09221979
804215300012879,zr,58449.22629,13.391942,0.0104981605,0.09774513
804215300012879,zr,58449.23212,13.38472,0.010495903,0.100481644
804215300012879,zr,58449.23791,13.397288,0.010499839,0.096301846
804215300012879,zr,58449.24509,13.39267,0.010498387,0.098722756
804215300012879,zr,58450.23968,13.396238,0.010499508,0.093907885
804215300012879,zr,58450.24014,13.396478,0.010499584,0.09312049
804215300012879,zr,58451.21669,13.383623,0.01049556,0.09357906
804215300012879,zr,58451.21777,13.401664,0.010501216,0.090927206
804215300012879,zr,58451.23225,13.404006,0.010501956,0.0878176
804215300012879,zr,58451.24128,13.390922,0.01049784,0.08851044
804215300012879,zr,58451.24173,13.376443,0.010493329,0.088207565
804215300012879,zr,58456.13609,13.39978,0.010500623,0.09703182
804115300009224,zg,58457.11712,13.697998,0.0101454295,-0.08307685
804215300012879,zr,58457.15987,13.407224,0.0105029745,0.08169646
804215300012879,zr,58469.10056,13.373015,0.010492268,0.085176125
804115300009224,zg,58469.15805,13.662612,0.010120023,-0.04120017
804215300012879,zr,58471.14015,13.407789,0.010503153,0.09292039
804215300012879,zr,58472.10491,13.399618,0.010500572,0.09076711
804115300009224,zg,58472.1588,13.670429,0.010125609,-0.03321738
804215300012879,zr,58474.13886,13.405732,0.010502502,0.09392335
804215300012879,zr,58475.16023,13.397179,0.010499804,0.090559706
804215300012879,zr,58476.11245,13.3924675,0.010498324,0.084214345
804215300012879,zr,58476.11341,13.394251,0.010498884,0.08801376
804215300012879,zr,58476.11436,13.4052105,0.010502337,0.090882264
804215300012879,zr,58476.11532,13.4073515,0.010503015,0.087088354
804215300012879,zr,58476.11628,13.38932,0.010497339,0.08782367
804215300012879,zr,58476.11723,13.405027,0.010502279,0.088819385
804215300012879,zr,58476.11819,13.413808,0.010505064,0.08786352
804215300012879,zr,58476.11915,13.389586,0.010497423,0.08614062
804215300012879,zr,58476.1201,13.408077,0.0105032455,0.086805105
804215300012879,zr,58476.12106,13.377111,0.0104935365,0.08967578
804215300012879,zr,58476.12297,13.397881,0.010500024,0.08834325
804215300012879,zr,58476.12392,13.405438,0.010502409,0.08894576
804215300012879,zr,58476.12488,13.3947525,0.0104990415,0.09105869
804215300012879,zr,58476.12584,13.405195,0.010502332,0.08608095
804215300012879,zr,58476.12679,13.39949,0.010500531,0.08590935
804215300012879,zr,58476.12775,13.406426,0.010502722,0.08686353
804215300012879,zr,58476.1287,13.397521,0.010499912,0.09222812
804215300012879,zr,58476.12966,13.384921,0.010495965,0.089098856
804215300012879,zr,58476.13061,13.395807,0.010499372,0.08698404
804215300012879,zr,58476.13157,13.404087,0.010501982,0.09113495
804215300012879,zr,58476.13253,13.398394,0.010500185,0.089501746
804215300012879,zr,58476.13348,13.404481,0.010502106,0.08771044
804215300012879,zr,58476.13444,13.405063,0.01050229,0.080141075
804215300012879,zr,58476.13539,13.380383,0.010494553,0.08932289
804215300012879,zr,58476.13635,13.392,0.010498177,0.088534005
804215300012879,zr,58476.13731,13.407818,0.010503163,0.0864797
804215300012879,zr,58476.13826,13.395347,0.010499228,0.08986016
804215300012879,zr,58476.13922,13.400046,0.010500707,0.08684614
804215300012879,zr,58476.14017,13.407157,0.010502953,0.0863851
804215300012879,zr,58476.14113,13.402509,0.010501483,0.089116015
804215300012879,zr,58476.14209,13.396332,0.010499538,0.089470714
804215300012879,zr,58476.14304,13.408703,0.010503442,0.09080526
804215300012879,zr,58476.144,13.399077,0.0105004,0.08808903
804215300012879,zr,58476.14495,13.387457,0.010496756,0.091321774
804215300012879,zr,58476.14591,13.3972435,0.010499825,0.09042122
804215300012879,zr,58476.14686,13.39783,0.010500008,0.09004896
804215300012879,zr,58476.14782,13.395042,0.010499133,0.09262125
804215300012879,zr,58476.14878,13.406294,0.01050268,0.08975216
804215300012879,zr,58476.14973,13.396547,0.010499606,0.08750273
804215300012879,zr,58476.15069,13.406336,0.010502693,0.08754963
804215300012879,zr,58476.15164,13.400037,0.010500704,0.08648236
804215300012879,zr,58476.1526,13.382108,0.010495089,0.09265967
804215300012879,zr,58476.15356,13.393679,0.010498704,0.08789283
804215300012879,zr,58476.15451,13.405811,0.010502527,0.0885866
804215300012879,zr,58476.15547,13.393656,0.010498697,0.09127426
804215300012879,zr,58476.15642,13.399164,0.010500429,0.08649385
804215300012879,zr,58476.15738,13.4101925,0.010503915,0.08984532
804215300012879,zr,58476.15834,13.404369,0.01050207,0.09312016
804215300012879,zr,58476.15929,13.414251,0.010505205,0.089987755
804215300012879,zr,58476.16025,13.40923,0.01050361,0.088070005
804215300012879,zr,58476.1612,13.38365,0.010495569,0.09118745
804215300012879,zr,58476.16216,13.436678,0.0105123995,0.085655
804215300012879,zr,58476.16311,13.410245,0.010503932,0.09035512
804215300012879,zr,58476.16407,13.404837,0.010502218,0.08502826
804215300012879,zr,58476.16503,13.387618,0.010496807,0.09157146
804215300012879,zr,58476.16598,13.406079,0.010502611,0.09117648
804215300012879,zr,58476.16694,13.411749,0.01050441,0.082679845
804215300012879,zr,58476.16789,13.381791,0.010494989,0.093001805
804215300012879,zr,58476.18797,13.411909,0.010504461,0.08715494
804215300012879,zr,58476.19082,13.391662,0.010498073,0.07480306
804215300012879,zr,58476.19178,13.42784,0.010509551,0.085206136
804215300012879,zr,58476.19369,13.396792,0.010499682,0.088066734
804215300012879,zr,58476.19562,13.418197,0.010506463,0.08709989
804215300012879,zr,58476.19656,13.392582,0.01049836,0.09115209
804215300012879,zr,58476.19752,13.427986,0.010509598,0.08823079
804215300012879,zr,58476.19847,13.413794,0.01050506,0.09061032
804215300012879,zr,58476.19943,13.405799,0.010502523,0.08812299
804215300012879,zr,58476.2004,13.403459,0.010501782,0.088687986
804215300012879,zr,58476.20134,13.374871,0.010492842,0.08990156
804215300012879,zr,58476.2023,13.411147,0.010504218,0.08743866
804215300012879,zr,58476.20325,13.398845,0.010500328,0.08757469
804215300012879,zr,58476.20421,13.40532,0.010502372,0.09051456
804215300012879,zr,58476.20516,13.404241,0.01050203,0.08829539
804215300012879,zr,58476.20612,13.40608,0.010502611,0.08800971
804215300012879,zr,58476.20708,13.408758,0.010503461,0.08828703
804215300012879,zr,58476.20803,13.403831,0.010501901,0.09043365
804215300012879,zr,58476.20899,13.415952,0.010505746,0.08622183
804215300012879,zr,58476.20994,13.398851,0.01050033,0.088606864
804215300012879,zr,58476.2109,13.407586,0.01050309,0.08972758
804215300012879,zr,58476.21185,13.403724,0.010501866,0.08668828
804215300012879,zr,58476.21281,13.406905,0.010502873,0.09128617
804215300012879,zr,58476.21377,13.405294,0.010502364,0.08730402
804215300012879,zr,58476.21472,13.395908,0.010499405,0.090402715
804215300012879,zr,58476.21568,13.421336,0.010507465,0.089798264
804215300012879,zr,58476.21663,13.404838,0.010502218,0.08894291
804215300012879,zr,58476.21759,13.412851,0.01050476,0.08845896
804215300012879,zr,58476.21855,13.410531,0.010504022,0.087921396
804215300012879,zr,58476.2195,13.417714,0.01050631,0.085612915
804215300012879,zr,58476.22046,13.390966,0.010497855,0.091450036
804215300012879,zr,58476.22141,13.413858,0.010505081,0.09081531
804215300012879,zr,58476.22237,13.409882,0.010503816,0.089392066
804215300012879,zr,58476.22332,13.402388,0.010501445,0.09249935
804215300012879,zr,58476.22428,13.408337,0.010503327,0.08851783
804215300012879,zr,58476.22524,13.4077835,0.010503151,0.091304675
804215300012879,zr,58476.22619,13.396641,0.010499635,0.089785285
804215300012879,zr,58476.22715,13.402224,0.010501393,0.09268234
804215300012879,zr,58476.2281,13.408755,0.010503459,0.08796469
804215300012879,zr,58476.22906,13.397417,0.010499879,0.09144873
804215300012879,zr,58476.23001,13.414341,0.010505233,0.08432766
804215300012879,zr,58476.23097,13.3956175,0.0104993135,0.092675
804215300012879,zr,58476.23193,13.408802,0.010503474,0.09085137
804215300012879,zr,58476.23288,13.404142,0.0105019985,0.092442386
804215300012879,zr,58476.23384,13.408777,0.010503465,0.08905704
804215300012879,zr,58476.23479,13.398764,0.010500303,0.09064254
804215300012879,zr,58476.23575,13.407259,0.010502986,0.09256204
804215300012879,zr,58476.23671,13.388982,0.010497233,0.08991881
804215300012879,zr,58476.23766,13.416133,0.010505805,0.088106684
804215300012879,zr,58476.23862,13.396897,0.010499716,0.0917862
804215300012879,zr,58476.23957,13.403955,0.01050194,0.09383218
804215300012879,zr,58476.24053,13.401963,0.010501311,0.08900542
804215300012879,zr,58476.24149,13.4154,0.010505571,0.08858087
804215300012879,zr,58476.24244,13.395283,0.010499208,0.09164987
804215300012879,zr,58476.2434,13.395988,0.01049943,0.09020022
804215300012879,zr,58476.24435,13.399094,0.010500407,0.092953555
804215300012879,zr,58476.24531,13.402083,0.010501349,0.08901264
804215300012879,zr,58476.24626,13.384244,0.010495754,0.08758769
804215300012879,zr,58476.24722,13.392284,0.010498267,0.0913038
804215300012879,zr,58476.24818,13.411439,0.010504311,0.08994012
804215300012879,zr,58476.24913,13.39346,0.0104986355,0.090527534
804215300012879,zr,58476.25009,13.4084015,0.010503347,0.08808734
804215300012879,zr,58476.25104,13.392723,0.0104984045,0.09082493
804215300012879,zr,58476.252,13.397439,0.010499886,0.09300688
804215300012879,zr,58476.25296,13.388218,0.0104969945,0.09313542
804215300012879,zr,58476.25391,13.404437,0.010502093,0.091435604
804215300012879,zr,58476.25487,13.398173,0.010500116,0.09075873
804215300012879,zr,58476.25583,13.410719,0.010504082,0.09267147
804215300012879,zr,58476.25678,13.402373,0.010501441,0.09349758
804215300012879,zr,58476.25774,13.419632,0.0105069205,0.08918332
804215300012879,zr,58480.20768,13.397297,0.010499841,0.09965337
804215300012879,zr,58480.20864,13.399684,0.010500592,0.09964177
804215300012879,zr,58480.20959,13.370418,0.010491465,0.099953204
804215300012879,zr,58480.21055,13.383627,0.010495561,0.09894478
804215300012879,zr,58480.2115,13.380757,0.010494668,0.09992425
804215300012879,zr,58480.21246,13.406949,0.010502887,0.09894419
804215300012879,zr,58480.21341,13.404355,0.010502066,0.09789777
804215300012879,zr,58480.21437,13.412797,0.010504743,0.10386454
804215300012879,zr,58480.21533,13.430124,0.010510284,0.09681208
804215300012879,zr,58480.21628,13.372868,0.010492222,0.09991602
804215300012879,zr,58480.21724,13.385552,0.010496162,0.10042261
804215300012879,zr,58480.21819,13.370125,0.010491375,0.0955457
804215300012879,zr,58480.22011,13.382464,0.0104952,0.10335738
804215300012879,zr,58480.22106,13.379402,0.010494247,0.097799115
804215300012879,zr,58480.22202,13.370048,0.010491351,0.105726115
804215300012879,zr,58480.22297,13.394309,0.010498903,0.09474469
804215300012879,zr,58480.22393,13.418146,0.010506447,0.10419209
804215300012879,zr,58480.22488,13.364209,0.010489552,0.10642934
804215300012879,zr,58480.22584,13.379071,0.010494145,0.09650863
804215300012879,zr,58480.2268,13.398156,0.010500111,0.10014833
804215300012879,zr,58480.22775,13.407435,0.010503042,0.09479084
804215300012879,zr,58480.22871,13.378558,0.010493985,0.085379496
804215300012879,zr,58480.22966,13.396994,0.010499747,0.096363276
804215300012879,zr,58480.23062,13.383847,0.01049563,0.10081043
804215300012879,zr,58480.23157,13.391149,0.010497912,0.10115826
804215300012879,zr,58480.23253,13.3873625,0.010496726,0.096667685
804215300012879,zr,58480.23349,13.388293,0.010497018,0.10150629
804215300012879,zr,58480.23444,13.394637,0.010499005,0.097013906
804215300012879,zr,58480.2354,13.400474,0.010500842,0.09708956
804215300012879,zr,58480.23635,13.387035,0.010496625,0.09554276
804215300012879,zr,58480.23731,13.379261,0.010494204,0.0981343
804215300012879,zr,58480.23827,13.388354,0.010497037,0.09851184
804215300012879,zr,58480.23922,13.414493,0.010505282,0.0962517
804215300012879,zr,58480.24018,13.38004,0.010494446,0.10240765
804215300012879,zr,58480.24113,13.40099,0.010501004,0.09866017
804215300012879,zr,58480.24209,13.378267,0.010493895,0.09723944
804215300012879,zr,58480.24305,13.43854,0.010513002,0.09665699
804215300012879,zr,58480.244,13.410509,0.010504016,0.09789076
804215300012879,zr,58480.24496,13.399721,0.010500604,0.09790811
804215300012879,zr,58480.24591,13.374815,0.010492825,0.09936173
804215300012879,zr,58480.24687,13.391836,0.010498127,0.09530475
804215300012879,zr,58480.24783,13.394937,0.010499099,0.09706959
804215300012879,zr,58480.24878,13.394698,0.010499025,0.096435085
804215300012879,zr,58480.24974,13.386333,0.010496405,0.094026394
804215300012879,zr,58480.25069,13.405516,0.010502433,0.09405461
804215300012879,zr,58480.25165,13.375843,0.010493143,0.09484068
804215300012879,zr,58480.25261,13.399256,0.010500457,0.09946861
804215300012879,zr,58480.25356,13.372,0.010491954,0.1003555
804215300012879,zr,58480.25452,13.408972,0.010503528,0.102588125
804215300012879,zr,58480.25548,13.389827,0.010497497,0.10570001
804215300012879,zr,58480.25643,13.369821,0.010491281,0.106689766
804215300012879,zr,58480.25739,13.379029,0.010494132,0.098242275
804215300012879,zr,58480.2593,13.3950615,0.010499138,0.10502505
804215300012879,zr,58480.26026,13.365008,0.010489798,0.10025784
804215300012879,zr,58480.26121,13.381221,0.010494812,0.10449404
804215300012879,zr,58480.26217,13.378087,0.010493839,0.10810212
804115300009224,zg,58482.13896,13.682161,0.010134021,-0.04275831
804115300009224,zg,58483.1126,13.693416,0.010142121,-0.04076263
804215300012879,zr,58486.10469,13.397105,0.010499781,0.09505067
804115300009224,zg,58487.16313,13.681294,0.010133399,-0.04230602
804115300009224,zg,58488.14015,13.672502,0.010127093,-0.045233097
804215300012879,zr,58490.13573,13.35111,0.010485544,0.0958454
804115300009224,zg,58491.13872,13.675449,0.010129205,-0.042262193
804115300009224,zg,58493.15967,13.66639,0.010122721,-0.023728993
804215300012879,zr,58494.09085,13.410705,0.010504078,0.07810219
804115300009224,zg,58494.14155,13.672658,0.0101272045,-0.040838026
804115300009224,zg,58503.18012,13.686405,0.010137073,-0.020949049
804115300009224,zg,58505.17707,13.6833935,0.010134907,-0.05334027
804115300009224,zg,58507.15738,13.669623,0.010125033,-0.027874429
804115300009224,zg,58510.13593,13.681641,0.010133647,-0.042773083
804215300012879,zr,58511.11765,13.404677,0.010502168,0.09782118
804115300009224,zg,58511.13658,13.719444,0.010160976,-0.02885997
804215300012879,zr,58601.49419,13.398633,0.010500261,0.08428335
804215300012879,zr,58605.4481,13.406452,0.0105027305,0.093265735
804115300009224,zg,58607.47597,13.683584,0.010135044,-0.058378436
804215300012879,zr,58607.49086,13.395256,0.010499199,0.09254381
804115300009224,zg,58608.4536,13.658074,0.010116786,-0.035992432
804215300012879,zr,58608.48495,13.411895,0.010504456,0.09207082
804115300009224,zg,58617.46944,13.701022,0.010147614,-0.02143296
804115300009224,zg,58628.46727,13.669843,0.01012519,-0.049137734
804215300012879,zr,58634.42781,13.406383,0.010502708,0.092875
804115300009224,zg,58634.4678,13.687716,0.010138015,-0.024339644
804215300012879,zr,58636.42456,13.40327,0.010501723,0.093548134
804215300012879,zr,58637.42864,13.416824,0.010506025,0.090377815
804115300009224,zg,58637.46862,13.674296,0.010128378,-0.051879104
804115300009224,zg,58638.44814,13.684792,0.010135912,-0.04118469
804215300012879,zr,58638.47268,13.3923435,0.010498285,0.10041355
804215300012879,zr,58639.41153,13.422007,0.01050768,0.095408924
804115300009224,zg,58639.44423,13.691723,0.010140901,-0.060304634
804115300009224,zg,58640.45435,13.725363,0.010165286,-0.05537631
804215300012879,zr,58640.46983,13.419632,0.0105069205,0.09320428
804115300009224,zg,58641.45104,13.671697,0.010126516,-0.043595754
804215300012879,zr,58641.47279,13.395043,0.010499133,0.08979952
804115300009224,zg,58642.42287,13.681553,0.010133585,-0.042014543
804115300009224,zg,58643.45109,13.686781,0.010137343,-0.053655837
804215300012879,zr,58643.46735,13.408708,0.010503444,0.0920042
804115300009224,zg,58644.45262,13.679015,0.010131762,-0.04358911
804215300012879,zr,58644.473,13.391754,0.010498101,0.09380343
804115300009224,zg,58645.45272,13.691179,0.010140511,-0.037666705
804115300009224,zg,58646.45379,13.679092,0.010131818,-0.034856014
804215300012879,zr,58646.46998,13.3965,0.01049959,0.09314176
804115300009224,zg,58648.44792,13.8347025,0.010246545,-0.053088956
804115300009224,zg,58649.4779,13.711706,0.010155354,-0.068337955
804215300012879,zr,58650.42842,13.405444,0.010502411,0.09263431
804115300009224,zg,58650.47339,13.669667,0.010125064,-0.04883592
804215300012879,zr,58651.43377,13.40637,0.010502704,0.0903576
804215300012879,zr,58652.44484,13.407787,0.010503152,0.08766428
804115300009224,zg,58652.4664,13.683197,0.010134766,-0.04627012
804115300009224,zg,58653.38803,13.688066,0.010138268,-0.04920338
804215300012879,zr,58653.45019,13.396684,0.010499648,0.09347706
804315300012535,zi,58653.47574,13.290532,0.011867597,0.198217
804215300012879,zr,58654.4503,13.38422,0.0104957465,0.0941417
804215300012879,zr,58657.42666,13.396751,0.01049967,0.09959394
804115300009224,zg,58657.47374,13.693958,0.010142514,-0.050465554
804215300012879,zr,58663.4342,13.889523,0.010685726,0.09554794
804115300009224,zg,58663.46599,13.690694,0.01014016,-0.036668483
804215300012879,zr,58665.44502,13.410573,0.010504035,0.08914623
804115300009224,zg,58665.47106,13.689084,0.010139001,-0.053332992
804215300012879,zr,58666.43337,13.41145,0.010504315,0.09069079
804115300009224,zg,58666.47329,13.688416,0.010138519,-0.043225
804115300009224,zg,58667.45525,13.681342,0.010133433,-0.05734581
804215300012879,zr,58667.4688,13.38522,0.0104960585,0.09772712
804215300012879,zr,58668.36483,13.400533,0.01050086,0.09840537
804115300009224,zg,58668.45545,13.69446,0.010142876,-0.04880009
804215300012879,zr,58669.42502,13.39831,0.01050016,0.093299806
804115300009224,zg,58669.45524,13.693756,0.010142368,-0.05486141
804215300012879,zr,58670.46626,13.402132,0.010501365,0.089137375
804215300012879,zr,58672.47415,13.394052,0.010498822,0.0931137
804215300012879,zr,58673.45366,13.399963,0.010500681,0.09040906
804115300009224,zg,58673.46215,13.687759,0.010138048,-0.06340033
804215300012879,zr,58674.47119,13.413603,0.010505,0.08861803
804115300009224,zg,58676.42632,13.672217,0.010126889,-0.04329781
804215300012879,zr,58676.47499,13.3980255,0.01050007,0.09039859
804215300012879,zr,58677.30582,13.384436,0.0104958145,0.09403836
804115300009224,zg,58680.47349,13.697878,0.010145342,-0.056877628
1837207400049966,zr,58681.41536,13.396728,0.009430138,0.09725074
1837207400049966,zr,58681.41581,13.393362,0.009429546,0.09839485
1837207400049966,zr,58682.41566,13.390528,0.00942905,0.095957875
1837207400049966,zr,58682.41611,13.382446,0.009427641,0.09558937
1837207400049966,zr,58683.41084,13.401176,0.009430924,0.09680676
1837207400049966,zr,58683.41129,13.387242,0.009428475,0.09848025
804215300012879,zr,58683.42335,13.423467,0.010508148,0.09270292
804115300009224,zg,58683.46858,13.700665,0.010147356,-0.06566636
1837207400049966,zr,58685.43236,13.387658,0.009428548,0.09833117
1837207400049966,zr,58685.43281,13.383546,0.0094278315,0.09824305
804115300009224,zg,58686.46985,13.687624,0.01013795,-0.040179964
804215300012879,zr,58690.4074,13.412488,0.010504644,0.09043599
804115300009224,zg,58690.44688,13.707055,0.01015198,-0.049511064
804215300012879,zr,58693.38555,13.406712,0.010502812,0.09029415
804115300009224,zg,58693.4073,13.68589,0.010136702,-0.023125965
804215300012879,zr,58696.38318,13.406943,0.010502885,0.08984342
804115300009224,zg,58696.41053,13.701737,0.010148132,-0.055440597
804215300012879,zr,58699.38688,13.407663,0.010503113,0.09372954
804215300012879,zr,58702.39556,13.427577,0.010509467,0.08554087
804115300009224,zg,58705.40772,13.694942,0.010143224,-0.05425732
804215300012879,zr,58705.45754,13.414396,0.010505252,0.09533219
1837207400049966,zr,58706.35316,13.405261,0.00943165,0.09287846
1837207400049966,zr,58706.35361,13.395556,0.009429932,0.09024698
804115300009224,zg,58708.45101,13.685984,0.010136769,-0.059164762
804215300012879,zr,58708.49387,13.404614,0.010502148,0.090455145
1837207400049966,zr,58710.36679,13.390804,0.009429098,0.09992016
1837207400049966,zr,58710.36725,13.3738785,0.009426162,0.110114805
1837207400049966,zr,58711.33368,13.402445,0.009431149,0.096341126
1837207400049966,zr,58711.33413,13.396936,0.009430176,0.10366088
804215300012879,zr,58711.40648,13.403395,0.010501763,0.09060469
1837207400049966,zr,58712.36152,13.390261,0.009429002,0.103729784
1837207400049966,zr,58712.36199,13.384983,0.009428081,0.0933914
1837207400049966,zr,58713.37212,13.387194,0.009428467,0.0950571
1837207400049966,zr,58713.37258,13.379598,0.009427148,0.101623505
804215300012879,zr,58714.36922,13.404187,0.010502012,0.0898209
1837207400049966,zr,58714.39042,13.39965,0.009430654,0.09536043
1837207400049966,zr,58714.39087,13.400048,0.009430724,0.099406645
804115300009224,zg,58714.47155,13.696329,0.010144225,-0.07503423
1837207400049966,zr,58715.38705,13.384113,0.009427929,0.09488359
1837207400049966,zr,58715.3875,13.384568,0.009428009,0.09734993
1837207400049966,zr,58716.43158,13.385035,0.00942809,0.100737415
1837207400049966,zr,58716.43204,13.406245,0.009431825,0.098963134
804215300012879,zr,58717.32259,13.390248,0.01049763,0.09613635
804215300012879,zr,58717.3235,13.389519,0.0104974015,0.0948199
804115300009224,zg,58717.39296,13.686971,0.010137479,-0.058570623
804115300009224,zg,58717.39386,13.689056,0.01013898,-0.034439806
804215300012879,zr,58719.33517,13.379993,0.0104944315,0.101561904
1837207400049966,zr,58719.45091,13.393628,0.009429593,0.10384327
1837207400049966,zr,58719.45136,13.3944645,0.009429739,0.10317508
804115300009224,zg,58720.40772,13.690913,0.010140318,-0.05356329
804115300009224,zg,58720.4098,13.696406,0.01014428,-0.054490708
804215300012879,zr,58722.32164,13.412005,0.010504492,0.08613024
804115300009224,zg,58722.41224,13.68693,0.01013745,-0.0582231
804215300012879,zr,58723.38325,13.447233,0.010515825,0.08351042
804215300012879,zr,58723.38566,13.405138,0.010502314,0.09160547
804115300009224,zg,58723.40919,13.677871,0.010130941,-0.050020773
804115300009224,zg,58723.41009,13.70607,0.010151268,-0.046866477
1837107400000635,zg,58725.42549,13.727768,0.013475688,-0.11373161
1837107400000635,zg,58725.42594,13.729135,0.013475509,-0.09522135
804215300012879,zr,58726.31862,13.406039,0.010502599,0.092161864
804115300009224,zg,58726.40545,13.683259,0.010134811,-0.022324145
1837107400000635,zg,58726.43341,13.712167,0.013477767,-0.085289426
1837107400000635,zg,58726.43386,13.705406,0.013478691,-0.08677786
804115300009224,zg,58727.3937,13.678946,0.010131713,-0.034205787
804115300009224,zg,58730.31681,13.694578,0.010142961,-0.062457994
804115300009224,zg,58730.31797,13.681972,0.010133885,-0.06670702
804215300012879,zr,58730.39811,13.398924,0.010500353,0.09001861
804115300009224,zg,58732.39361,13.961668,0.010345076,-0.058264993
804215300012879,zr,58733.38742,13.412743,0.010504725,0.086923115
804215300012879,zr,58733.38975,13.392881,0.010498454,0.09342976
804115300009224,zg,58734.3909,13.697495,0.010145066,-0.038330987
1837107400000635,zg,58734.49643,13.709394,0.013478144,-0.07052241
1837107400000635,zg,58734.49689,13.702848,0.013479043,-0.06882525
804215300012879,zr,58735.38963,13.419093,0.010506749,0.08756616
804115300009224,zg,58735.4323,13.684301,0.010135559,-0.034957305
804115300009224,zg,58736.17277,13.683195,0.010134765,-0.028580768
804215300012879,zr,58736.42728,13.398526,0.010500227,0.09502955
804215300012879,zr,58736.42818,13.405339,0.010502378,0.0938863
804115300009224,zg,58736.47145,13.694265,0.010142735,-0.043956418
804115300009224,zg,58736.47241,13.699036,0.010146178,-0.047674958
1837107400000635,zg,58737.40188,13.724174,0.013476159,-0.0674831
1837107400000635,zg,58737.40233,13.727139,0.01347577,-0.08564075
804115300009224,zg,58737.46973,13.684389,0.010135622,-0.05351523
804215300012879,zr,58738.17264,13.414662,0.010505335,0.09828346
804115300009224,zg,58738.20538,13.687378,0.010137772,-0.032673493
804215300012879,zr,58738.22209,13.397386,0.0104998695,0.082878634
804215300012879,zr,58738.2318,13.392157,0.010498227,0.09269085
804115300009224,zg,58738.24277,13.684166,0.010135462,-0.041754335
804115300009224,zg,58738.25247,13.673829,0.010128044,-0.047212686
804115300009224,zg,58738.43231,13.684113,0.010135423,-0.04893856
804215300012879,zr,58739.17158,13.389076,0.010497263,0.10197321
804115300009224,zg,58739.20446,13.676199,0.010129741,-0.018553428
804215300012879,zr,58739.22158,13.493837,0.010531259,0.086228006
804215300012879,zr,58739.23128,13.613123,0.010573186,0.087987155
804115300009224,zg,58739.24223,13.685297,0.010136276,-0.039990682
804115300009224,zg,58739.25193,13.671208,0.010126167,-0.0488712
1837207400049966,zr,58739.36185,13.399508,0.009430629,0.09922792
1837207400049966,zr,58739.36229,13.401997,0.00943107,0.10356327
804115300009224,zg,58739.49822,13.687517,0.010137874,-0.027184894
804215300012879,zr,58740.17203,13.394857,0.010499075,0.09938072
804115300009224,zg,58740.20427,13.672932,0.0101274,-0.024641007
804215300012879,zr,58740.22187,13.583181,0.01056232,0.087189525
804215300012879,zr,58740.23157,13.725266,0.010616069,0.08610053
804115300009224,zg,58740.24254,13.686074,0.010136834,-0.035771113
804115300009224,zg,58740.25223,13.685683,0.010136553,-0.04421875
1837207400049966,zr,58740.40304,13.387834,0.009428578,0.109309435
1837207400049966,zr,58740.40349,13.365243,0.009424685,0.1117752
804215300012879,zr,58741.17221,13.397427,0.010499882,0.09081083
804115300009224,zg,58741.20116,13.690388,0.01013994,-0.030981243
804215300012879,zr,58741.22198,13.390987,0.010497862,0.09129149
804215300012879,zr,58741.23167,13.403071,0.010501661,0.08450602
804115300009224,zg,58741.24263,14.157923,0.010507471,-0.053869575
804115300009224,zg,58741.25232,13.705033,0.010150516,-0.05497337
1837207400049966,zr,58741.36254,13.406329,0.009431841,0.09970843
1837207400049966,zr,58741.36299,13.388141,0.009428632,0.09837599
804115300009224,zg,58741.48724,13.674064,0.010128212,-0.026263293
804115300009224,zg,58742.20146,13.678682,0.010131523,-0.051100448
804215300012879,zr,58743.17332,13.391288,0.010497956,0.099163115
804115300009224,zg,58743.20181,13.670899,0.010125946,-0.041992567
804215300012879,zr,58743.22172,13.391855,0.0104981335,0.09316336
804215300012879,zr,58743.23141,13.397188,0.010499807,0.094722316
804115300009224,zg,58743.24236,13.669173,0.01012471,-0.035792056
804115300009224,zg,58743.25206,13.674632,0.010128619,-0.029395547
804215300012879,zr,58743.36872,13.402437,0.010501461,0.08852961
804115300009224,zg,58743.39554,13.688212,0.010138373,-0.04190389
804215300012879,zr,58744.17236,13.395125,0.010499159,0.08936966
804115300009224,zg,58744.20085,13.689678,0.010139429,-0.03887874
804215300012879,zr,58744.22215,13.421007,0.01050736,0.087679245
804215300012879,zr,58744.23185,13.399086,0.010500404,0.093078665
804115300009224,zg,58744.24278,13.700631,0.010147332,-0.049816277
804115300009224,zg,58744.25248,13.688431,0.010138529,-0.052346963
804215300012879,zr,58744.37399,13.398553,0.010500236,0.09235509
804215300012879,zr,58745.17249,13.403808,0.010501893,0.09417559
804115300009224,zg,58745.20101,13.683867,0.010135248,-0.038423624
804215300012879,zr,58745.22233,13.402766,0.010501565,0.089198716
804215300012879,zr,58745.23203,13.415429,0.01050558,0.08896542
804115300009224,zg,58745.24294,13.695321,0.010143497,-0.06369355
804115300009224,zg,58745.25264,13.689664,0.010139419,-0.07859087
804215300012879,zr,58745.3493,13.385983,0.010496297,0.086494714
1837207400049966,zr,58745.41385,13.3883505,0.009428669,0.1079145
1837207400049966,zr,58745.4143,13.385535,0.009428177,0.10269656
804215300012879,zr,58746.19697,13.376327,0.0104932925,0.09966413
804215300012879,zr,58746.22638,13.384714,0.010495901,0.09326107
804215300012879,zr,58746.23606,13.386499,0.010496457,0.09671656
804215300012879,zr,58747.17243,13.404934,0.010502249,0.09280062
804115300009224,zg,58747.20098,13.691164,0.010140499,-0.06594528
804215300012879,zr,58747.22078,13.407716,0.01050313,0.08921511
804215300012879,zr,58747.23048,13.393665,0.0104987,0.09382305
804115300009224,zg,58747.24139,13.69998,0.010146862,-0.06216655
804115300009224,zg,58747.25107,13.693746,0.01014236,-0.05475438
804215300012879,zr,58748.17157,13.705746,0.010608347,0.100108296
804215300012879,zr,58748.22203,13.381081,0.010494769,0.09611158
804215300012879,zr,58748.23172,13.39796,0.010500049,0.092663124
804115300009224,zg,58748.24262,13.68591,0.010136717,-0.06272953
804115300009224,zg,58748.25232,13.680538,0.010132856,-0.054664247
804115300009224,zg,58748.26523,13.678306,0.010131254,-0.034613606
1837207400049966,zr,58748.40724,13.392587,0.00942941,0.102672845
1837207400049966,zr,58748.40769,13.373597,0.009426113,0.10144481
804215300012879,zr,58749.1731,13.399699,0.010500597,0.09519873
804115300009224,zg,58749.20171,13.828558,0.010241893,-0.047808997
804215300012879,zr,58749.22186,13.393331,0.010498595,0.088659
804215300012879,zr,58749.23156,13.404424,0.010502088,0.08993794
804115300009224,zg,58749.24245,13.68126,0.010133374,-0.033796433
804115300009224,zg,58749.25217,13.686252,0.010136962,-0.04818909
804215300012879,zr,58750.17341,13.420105,0.010507071,0.094552256
804115300009224,zg,58750.20205,13.680127,0.0101325605,-0.048381425
804215300012879,zr,58750.22219,13.378952,0.010494107,0.08964747
804215300012879,zr,58750.23189,13.400986,0.010501003,0.09302011
804115300009224,zg,58750.24281,13.690481,0.010140007,-0.04805665
804115300009224,zg,58750.25251,13.697151,0.010144817,-0.05197713
804215300012879,zr,58751.17106,13.365503,0.010489951,0.100495934
804115300009224,zg,58751.1997,13.745802,0.01018024,-0.04712163
804215300012879,zr,58751.22199,13.405863,0.010502543,0.09148473
804215300012879,zr,58751.23168,13.40563,0.01050247,0.09286631
804115300009224,zg,58751.24259,13.676734,0.010130125,-0.03927409
804215300012879,zr,58754.17076,13.402087,0.01050135,0.094665974
804115300009224,zg,58754.1995,13.682858,0.010134523,-0.048838276
804215300012879,zr,58754.22127,13.402216,0.010501391,0.0900241
804215300012879,zr,58754.23098,13.404745,0.010502189,0.08774458
804115300009224,zg,58754.24189,13.684234,0.010135511,-0.0739103
804115300009224,zg,58754.25159,13.689271,0.010139136,-0.059686065
804215300012879,zr,58757.308,13.39142,0.010497997,0.09403969
804115300009224,zg,58757.41805,13.67397,0.010128145,-0.027779981
804215300012879,zr,58758.17991,13.396135,0.0104994755,0.094757564
804215300012879,zr,58758.22643,13.383247,0.010495443,0.0897558
804215300012879,zr,58758.23612,13.39436,0.010498918,0.08829903
804115300009224,zg,58758.24709,13.687923,0.010138165,-0.05319514
804115300009224,zg,58758.25681,13.690033,0.010139684,-0.05856213
804215300012879,zr,58758.30764,13.405876,0.010502548,0.09266994
804115300009224,zg,58758.34856,13.705635,0.010150952,-0.06850294
1837207400049966,zr,58759.32317,13.398729,0.009430491,0.10628247
804215300012879,zr,58760.17237,13.41009,0.010503883,0.09522235
804115300009224,zg,58760.2009,13.6976595,0.010145185,-0.047395278
804215300012879,zr,58760.22254,13.396104,0.010499466,0.0899629
804215300012879,zr,58760.23225,13.387648,0.010496816,0.091807775
804115300009224,zg,58760.24323,13.678259,0.01013122,-0.047792308
804115300009224,zg,58760.25295,13.6888,0.010138796,-0.056007568
804215300012879,zr,58760.29057,13.38637,0.010496416,0.10003949
804115300009224,zg,58760.34694,13.678046,0.010131067,-0.06389101
804215300012879,zr,58761.17139,13.382655,0.010495259,0.09887388
804115300009224,zg,58761.19996,13.664332,0.0101212505,-0.044391066
804215300012879,zr,58761.22148,13.390044,0.010497565,0.08782891
804215300012879,zr,58761.23119,13.39085,0.010497818,0.091948606
804115300009224,zg,58761.24216,13.6800585,0.010132511,-0.05525836
804115300009224,zg,58761.25189,13.681395,0.01013347,-0.07400974
804115300009224,zg,58761.27218,13.682351,0.010134159,-0.03568539
804215300012879,zr,58762.17112,13.391971,0.010498169,0.091213
804115300009224,zg,58762.19918,13.688316,0.010138447,-0.046955783
804215300012879,zr,58762.22303,13.403383,0.010501759,0.08996799
804215300012879,zr,58762.23274,13.396956,0.010499734,0.09298558
804115300009224,zg,58762.24543,13.695483,0.010143613,-0.040659256
804115300009224,zg,58762.25516,13.6911545,0.010140492,-0.06343463
804215300012879,zr,58763.17244,13.422337,0.010507786,0.085751474
804115300009224,zg,58763.2006,13.686175,0.010136907,-0.041398287
804215300012879,zr,58763.22262,13.405212,0.0105023375,0.089182705
804215300012879,zr,58763.2321,13.401778,0.010501253,0.09668185
804115300009224,zg,58763.24312,13.675254,0.010129065,-0.04535438
804115300009224,zg,58763.25285,13.698832,0.010146031,-0.06584566
1837207400049966,zr,58763.28126,13.377033,0.009426704,0.106864
1837207400049966,zr,58763.28171,13.379339,0.009427103,0.108268015
804215300012879,zr,58764.15267,13.571495,0.010558143,0.08743252
804115300009224,zg,58764.18508,13.660218,0.010118314,-0.051344045
804215300012879,zr,58764.2185,13.389683,0.010497453,0.08821696
804215300012879,zr,58764.22531,13.376575,0.010493371,0.08407415
804115300009224,zg,58764.2337,13.658032,0.010116756,-0.046699032
804115300009224,zg,58764.24053,13.676747,0.010130135,-0.048606496
1837107400000635,zg,58764.37225,13.729268,0.013475493,-0.08830801
1837107400000635,zg,58764.3727,13.720687,0.013476622,-0.09615436
804215300012879,zr,58765.15412,13.405196,0.010502333,0.087429784
804115300009224,zg,58765.18577,13.684666,0.010135821,-0.05985817
1837207400049966,zr,58765.2075,13.4041,0.009431443,0.093765266
1837207400049966,zr,58765.20796,13.387336,0.009428492,0.09273706
804215300012879,zr,58765.21711,13.395781,0.010499364,0.08988679
804215300012879,zr,58765.22394,13.400016,0.0105006965,0.08880066
804115300009224,zg,58765.23233,13.699125,0.0101462435,-0.04503639
804115300009224,zg,58765.23916,13.697883,0.010145346,-0.047018256
1837107400000635,zg,58765.26741,13.742784,0.013473757,-0.12057366
804215300012879,zr,58766.15275,13.395819,0.010499376,0.09302726
804115300009224,zg,58766.18434,13.698197,0.010145573,-0.052819494
804215300012879,zr,58766.2182,13.397822,0.010500006,0.0948842
804215300012879,zr,58766.22503,13.411973,0.01050448,0.08989111
804115300009224,zg,58766.23342,13.702753,0.010148866,-0.06511452
804115300009224,zg,58766.24024,13.680416,0.010132768,-0.030511461
1837107400000635,zg,58766.26792,13.731575,0.013475191,-0.09171347
1837107400000635,zg,58766.26838,13.741996,0.013473855,-0.12459581
804215300012879,zr,58767.15323,13.388118,0.010496963,0.09922763
804115300009224,zg,58767.18185,13.692609,0.010141539,-0.056592748
1837107400000635,zg,58767.31822,13.681946,0.013482,-0.05762782
1837107400000635,zg,58767.31867,13.6903105,0.013480802,-0.058130458
804215300012879,zr,58768.15456,13.396809,0.010499687,0.09212153
804115300009224,zg,58768.18244,13.694092,0.0101426095,-0.06251052
804215300012879,zr,58768.21678,13.414361,0.01050524,0.08893845
804215300012879,zr,58768.22361,13.403856,0.010501908,0.08968149
804115300009224,zg,58768.232,13.702734,0.010148853,-0.067451395
804115300009224,zg,58768.23882,13.680995,0.010133184,-0.052518632
804215300012879,zr,58769.15447,13.409466,0.010503685,0.08402152
804115300009224,zg,58769.18237,13.706267,0.0101514105,-0.04800596
804215300012879,zr,58769.21818,13.382106,0.010495088,0.08910958
804215300012879,zr,58769.22501,13.408508,0.0105033815,0.08719778
804115300009224,zg,58769.2334,13.699404,0.010146445,-0.08545566
804115300009224,zg,58769.24022,13.687111,0.01013758,-0.044902053
804215300012879,zr,58770.15454,13.397064,0.010499769,0.08752234
804115300009224,zg,58770.18242,13.684437,0.010135656,-0.037205078
804215300012879,zr,58770.21716,13.40561,0.010502463,0.08725304
804215300012879,zr,58770.22399,13.395777,0.010499363,0.0879201
804115300009224,zg,58770.23237,13.682691,0.010134402,-0.07819588
804115300009224,zg,58770.2392,13.660905,0.010118804,-0.036776155
1837207400049966,zr,58770.30684,13.380086,0.009427232,0.09984859
1837207400049966,zr,58770.30729,13.377694,0.009426818,0.097272545
804215300012879,zr,58771.15476,13.377075,0.010493525,0.08713964
804115300009224,zg,58771.18264,13.687767,0.0101380525,-0.05999226
804215300012879,zr,58771.21821,13.4001255,0.010500731,0.0984654
804215300012879,zr,58771.22502,13.416108,0.010505796,0.089271635
804115300009224,zg,58771.23343,13.707586,0.010152366,-0.06880907
804115300009224,zg,58771.24024,13.688857,0.010138837,-0.04616768
1837207400049966,zr,58771.29037,13.398434,0.00943044,0.109505855
1837207400049966,zr,58771.29082,13.392434,0.009429382,0.11239507
804215300012879,zr,58772.15507,13.407202,0.010502967,0.088738464
804115300009224,zg,58772.18303,13.688619,0.010138665,-0.05295613
1837107400000635,zg,58772.19742,13.742925,0.013473739,-0.10655549
1837107400000635,zg,58772.19787,13.754323,0.01347232,-0.10567563
804215300012879,zr,58773.1537,13.402366,0.010501439,0.08700179
804215300012879,zr,58774.15398,13.396807,0.010499687,0.091526344
804115300009224,zg,58774.18155,13.676369,0.010129864,-0.04922034
804215300012879,zr,58775.15371,13.39411,0.010498839,0.088284336
804115300009224,zg,58775.18164,13.714241,0.010157193,-0.06207344
804215300012879,zr,58776.15293,13.400942,0.010500989,0.09041832
804115300009224,zg,58776.18087,13.690753,0.010140203,-0.051551394
804215300012879,zr,58777.15334,13.390934,0.010497844,0.093174875
804115300009224,zg,58777.18133,13.672607,0.010127168,-0.047169313
804215300012879,zr,58778.15353,13.395705,0.0104993405,0.08679726
804115300009224,zg,58778.18151,13.690443,0.010139979,-0.05391269
804215300012879,zr,58779.15332,13.372946,0.010492247,0.08735174
804115300009224,zg,58779.18132,13.691483,0.010140728,-0.05799449
804215300012879,zr,58781.15321,13.399456,0.010500521,0.09937884
804115300009224,zg,58781.18079,13.691368,0.010140646,-0.052624084
804215300012879,zr,58782.1523,13.397238,0.010499823,0.09244559
804115300009224,zg,58782.17961,13.68467,0.010135825,-0.052172475
804215300012879,zr,58783.15349,13.382368,0.010495169,0.09013256
804115300009224,zg,58783.18065,13.6795845,0.010132171,-0.049821433
1837107400000635,zg,58783.18971,13.705671,0.013478655,-0.06618513
804215300012879,zr,58785.15311,13.388053,0.010496942,0.083675414
804115300009224,zg,58785.18033,13.704711,0.010150284,-0.07221781
804215300012879,zr,58786.16,13.391096,0.010497895,0.09320935
804115300009224,zg,58786.18912,13.683956,0.010135312,-0.06691395
804215300012879,zr,58787.15234,13.386724,0.010496527,0.09431672
804115300009224,zg,58787.17906,13.684109,0.010135421,-0.056579087
804215300012879,zr,58788.15321,13.3916235,0.010498061,0.09732164
804115300009224,zg,58788.17997,13.684069,0.010135392,-0.06686693
804215300012879,zr,58789.15358,13.382341,0.010495162,0.09415591
804115300009224,zg,58789.18037,13.675679,0.010129369,-0.050592225
804215300012879,zr,58789.26578,13.389789,0.010497485,0.09017789
804215300012879,zr,58790.14278,13.403969,0.0105019435,0.09147853
804215300012879,zr,58790.18137,13.397391,0.010499871,0.08813618
804115300009224,zg,58790.26411,13.688451,0.010138544,-0.06956358
804115300009224,zg,58791.1697,13.692058,0.010141144,-0.039147157
1837107400000635,zg,58791.17015,13.722487,0.013476383,-0.08056967
804215300012879,zr,58792.15988,13.389683,0.010497453,0.08797943
804215300012879,zr,58793.11271,13.39054,0.010497721,0.09537437
804115300009224,zg,58793.15139,13.688005,0.010138224,-0.06380703
804115300009224,zg,58793.16911,13.697386,0.010144986,-0.06821914
1837107400000635,zg,58793.16956,13.702259,0.013479126,-0.08620233
1837107400000635,zg,58793.17001,13.703457,0.013478959,-0.06499336
804115300009224,zg,58794.16886,13.679513,0.01013212,-0.032911044
1837107400000635,zg,58794.16931,13.705595,0.013478665,-0.08390836
1837107400000635,zg,58794.16976,13.718603,0.013476901,-0.083578184
804115300009224,zg,58795.18269,13.680622,0.010132916,-0.060345735
1837107400000635,zg,58795.18314,13.735235,0.01347472,-0.11805136
1837107400000635,zg,58795.18359,13.720197,0.0134766875,-0.10026644
804215300012879,zr,58796.11579,13.389564,0.010497415,0.09280339
804115300009224,zg,58796.19676,13.689485,0.010139289,-0.037870497
804115300009224,zg,58796.20409,13.677346,0.010130566,-0.056738775
1837107400000635,zg,58798.15721,13.721832,0.01347647,-0.09459411
1837107400000635,zg,58798.15766,13.721147,0.013476562,-0.08464137
804115300009224,zg,58798.15811,13.68517,0.010136183,-0.035878688
804215300012879,zr,58798.25266,13.385926,0.010496279,0.09358426
804215300012879,zr,58799.22815,13.39115,0.010497912,0.08962175
804115300009224,zg,58800.18343,13.673853,0.010128061,-0.022899048
804215300012879,zr,58803.24452,13.4035015,0.010501796,0.09206734
804115300009224,zg,58806.18916,13.68318,0.010134753,-0.059586488
804215300012879,zr,58806.2216,13.40236,0.010501436,0.08541711
804215300012879,zr,58811.13819,13.379752,0.010494357,0.10446827
804115300009224,zg,58811.18451,13.679853,0.010132363,-0.057260305
804215300012879,zr,58814.16628,13.403657,0.010501846,0.097255275
804215300012879,zr,58819.16535,13.406797,0.010502839,0.0957855
804215300012879,zr,58828.28744,13.387926,0.010496903,0.09295977
804115300009224,zg,58829.10619,13.682806,0.010134485,-0.037071448
804215300012879,zr,58833.09296,13.377556,0.010493674,0.10231259
804115300009224,zg,58833.11587,13.673947,0.010128128,-0.0474771
804115300009224,zg,58836.11123,13.66102,0.010118887,-0.06161763
804215300012879,zr,58837.07782,13.3841095,0.010495712,0.09361676
804215300012879,zr,58846.12321,13.387457,0.010496756,0.092538595
1837107400000635,zg,58849.11957,13.691715,0.013480602,-0.0799004
804115300009224,zg,58849.12002,13.665214,0.01012188,-0.051412035
1837107400000635,zg,58849.12474,13.711228,0.0134778945,-0.08654436
804215300012879,zr,58850.11223,13.393468,0.010498638,0.08758586
804115300009224,zg,58850.15706,13.684641,0.010135803,-0.054153144
804115300009224,zg,58853.09674,13.672763,0.010127279,-0.051926307
804215300012879,zr,58854.15745,13.373533,0.010492428,0.10263551
804115300009224,zg,58856.09658,13.6732235,0.01012761,-0.053057127
804215300012879,zr,58856.13712,13.371264,0.010491727,0.09331116
804115300009224,zg,58859.10223,13.6949,0.010143193,-0.05084577
804215300012879,zr,58859.16094,13.373589,0.010492445,0.09334573
804115300009224,zg,58862.11946,13.678391,0.010131315,-0.05538211
804215300012879,zr,58872.12068,13.37566,0.010493087,0.09547163
804115300009224,zg,58872.15946,13.696629,0.01014444,-0.0392659
804215300012879,zr,58875.11203,13.409053,0.010503554,0.09616254
804115300009224,zg,58875.13875,13.690262,0.010139849,-0.046456024
804215300012879,zr,58878.13718,13.394396,0.01049893,0.09954126
804215300012879,zr,58881.12013,13.386216,0.01049637,0.09531888
804115300009224,zg,58881.13415,13.668854,0.010124481,-0.04169226
804115300009224,zg,58885.11175,13.708072,0.010152717,-0.050289195
804215300012879,zr,58885.13492,13.41572,0.010505673,0.098836
804115300009224,zg,58968.46914,13.675881,0.010129514,-0.05043648
804115300009224,zg,58978.42281,13.689067,0.010138988,-0.022819394
804115300009224,zg,58979.44055,13.673203,0.010127596,-0.027330045
804215300012879,zr,58979.45911,13.391135,0.010497908,0.095237166
804215300012879,zr,58980.47196,13.379077,0.0104941465,0.10169731
804215300012879,zr,58981.45426,13.378199,0.010493875,0.0956893
804115300009224,zg,58981.46459,13.67548,0.010129226,-0.051016342
804115300009224,zg,58987.44552,13.668293,0.010124081,-0.039082095
804215300012879,zr,58987.48023,13.4100685,0.010503876,0.093699045
804115300009224,zg,58996.45377,13.666978,0.010123141,-0.042442508
804215300012879,zr,58996.4761,13.390933,0.010497844,0.09015441
804115300009224,zg,58999.41,13.686556,0.010137181,-0.046381116
804215300012879,zr,59010.35205,13.384874,0.010495951,0.09669076
804115300009224,zg,59010.47181,13.697215,0.010144864,-0.053682435
804215300012879,zr,59013.36111,13.388205,0.010496991,0.096371286
804215300012879,zr,59016.47157,13.403881,0.0105019165,0.093409516
804115300009224,zg,59019.34581,13.6640005,0.010121014,-0.05261284
804115300009224,zg,59022.39066,13.677919,0.010130976,-0.05590794
804215300012879,zr,59022.46902,13.411534,0.010504342,0.09151778
804115300009224,zg,59025.34185,13.668227,0.010124034,-0.04975833
804115300009224,zg,59028.39327,13.670701,0.010125804,-0.045001823
804215300012879,zr,59028.47163,13.395318,0.0104992185,0.10086464
804115300009224,zg,59031.34517,13.675136,0.01012898,-0.05218339
804215300012879,zr,59031.44345,13.397431,0.010499884,0.09648071
804215300012879,zr,59034.38575,13.387354,0.010496724,0.093099505
804115300009224,zg,59034.46832,13.684824,0.010135936,-0.052377168
804215300012879,zr,59035.36031,13.399984,0.010500687,0.0863893
804115300009224,zg,59035.45553,13.71697,0.010159176,-0.05112975
804215300012879,zr,59036.38663,13.408192,0.010503281,0.090772025
804115300009224,zg,59037.34706,13.676148,0.010129705,-0.035759512
804215300012879,zr,59037.44935,13.334658,0.010480561,0.10298614
804215300012879,zr,59038.38245,13.398884,0.010500341,0.09601728
804115300009224,zg,59038.46993,13.695913,0.0101439245,-0.056242403
804115300009224,zg,59039.3707,13.692859,0.01014172,-0.04109422
804215300012879,zr,59039.44445,13.390238,0.010497626,0.09794863
804215300012879,zr,59040.39529,13.399411,0.0105005065,0.08916514
804115300009224,zg,59040.46748,13.676061,0.010129642,-0.051896885
804215300012879,zr,59041.48761,13.397238,0.010499823,0.089393504
804115300009224,zg,59042.37388,13.689032,0.010138962,-0.039660864
804215300012879,zr,59042.46959,13.392461,0.010498322,0.08672562
804215300012879,zr,59042.48864,13.404844,0.010502221,0.09231862
804115300009224,zg,59043.37367,13.685946,0.010136743,-0.049518738
804215300012879,zr,59043.38719,13.388806,0.010497179,0.090803675
804215300012879,zr,59043.48974,13.405254,0.0105023505,0.08841791
804115300009224,zg,59044.36753,13.687766,0.0101380525,-0.041943327
804215300012879,zr,59044.48389,13.398336,0.0105001675,0.09509126
804215300012879,zr,59045.37426,13.390651,0.010497755,0.09541902
804115300009224,zg,59045.45136,13.680394,0.010132752,-0.04805799
804215300012879,zr,59045.491,13.398342,0.010500169,0.09377614
804115300009224,zg,59046.36933,13.671729,0.0101265395,-0.054226052
804215300012879,zr,59046.4059,13.380531,0.010494599,0.093885705
804215300012879,zr,59046.4173,13.394726,0.010499033,0.0925676
804115300009224,zg,59046.48967,13.687479,0.010137846,-0.047137998
1837107400000635,zg,59046.49013,13.730909,0.013475278,-0.104064874
804115300009224,zg,59047.4476,13.704572,0.010150182,-0.05459691
804215300012879,zr,59048.4164,13.399221,0.010500446,0.094675735
804115300009224,zg,59048.44824,13.699104,0.010146229,-0.05251877
804215300012879,zr,59049.4106,13.386768,0.010496541,0.09239956
804115300009224,zg,59049.4484,13.669596,0.010125013,-0.05305334
804115300009224,zg,59050.43027,13.70471,0.010150282,-0.0602633
804215300012879,zr,59050.46777,13.400802,0.010500945,0.09617628
804215300012879,zr,59050.4889,13.382633,0.010495252,0.09308691
804215300012879,zr,59051.40824,13.409734,0.01050377,0.09470754
804115300009224,zg,59051.44801,13.698788,0.010146,-0.051161285
804215300012879,zr,59052.4119,13.381034,0.010494755,0.09299148
804215300012879,zr,59052.41667,13.382752,0.010495289,0.08890524
804115300009224,zg,59052.44849,13.676792,0.010130168,-0.05867705
804115300009224,zg,59053.38555,13.698495,0.010145788,-0.061894566
1837107400000635,zg,59053.41208,13.726616,0.013475838,-0.09982482
804115300009224,zg,59053.42813,13.685963,0.010136754,-0.048724532
804215300012879,zr,59053.454,13.393901,0.010498774,0.08882337
804215300012879,zr,59054.39227,13.402326,0.010501427,0.093152486
804215300012879,zr,59054.41416,13.396549,0.010499606,0.097576395
804115300009224,zg,59054.45078,13.6834755,0.010134966,-0.053268753
804115300009224,zg,59055.40043,13.685207,0.010136211,-0.061798643
804215300012879,zr,59055.4471,13.392466,0.010498324,0.092544965
804215300012879,zr,59056.38588,13.391297,0.010497958,0.08989076
804215300012879,zr,59056.39621,13.40926,0.010503619,0.09219893
804115300009224,zg,59056.42562,13.68904,0.010138968,-0.04680232
804115300009224,zg,59057.40962,13.686299,0.010136996,-0.04990451
804115300009224,zg,59057.41431,13.6827965,0.010134478,-0.054575596
804215300012879,zr,59057.44866,13.397302,0.010499842,0.101710945
804115300009224,zg,59059.40187,13.682053,0.0101339435,-0.055668898
804215300012879,zr,59059.44758,13.394796,0.0104990555,0.09943155
804215300012879,zr,59059.45667,13.411235,0.010504247,0.09024405
804115300009224,zg,59060.36816,13.689095,0.010139008,-0.0468791
1837107400000635,zg,59060.36862,13.727318,0.013475747,-0.100127764
804215300012879,zr,59060.45817,13.396764,0.010499674,0.088879496
804215300012879,zr,59061.30944,13.40868,0.010503435,0.08720016
804115300009224,zg,59061.47646,13.690968,0.010140358,-0.05173264
804215300012879,zr,59062.33252,13.397369,0.010499864,0.090944275
804115300009224,zg,59062.42718,13.68748,0.010137846,-0.048773266
804215300012879,zr,59062.47575,13.405711,0.010502495,0.0972713
804215300012879,zr,59063.30547,13.383708,0.010495587,0.09327187
804215300012879,zr,59064.32887,13.391234,0.010497939,0.09255161
804115300009224,zg,59065.26164,13.666889,0.010123078,-0.030958148
804215300012879,zr,59065.36148,13.551265,0.010550994,0.092947364
804215300012879,zr,59065.42594,13.390717,0.010497776,0.09806188
804115300009224,zg,59066.33382,14.088273,0.010448324,-0.059716783
804215300012879,zr,59066.49806,13.708838,0.0106095625,0.09323708
804115300009224,zg,59067.35213,13.69711,0.010144788,-0.06123229
804215300012879,zr,59068.37335,13.398367,0.010500177,0.09224551
804215300012879,zr,59068.37978,13.409712,0.010503762,0.08948371
804115300009224,zg,59068.44805,13.680062,0.010132514,-0.03300221
804115300009224,zg,59068.50458,13.685995,0.010136777,-0.056688078
804215300012879,zr,59069.43455,13.401437,0.010501145,0.08995234
804215300012879,zr,59071.34554,13.404565,0.010502133,0.09158875
804215300012879,zr,59071.36606,13.407568,0.0105030835,0.09179601
804115300009224,zg,59071.42803,13.684954,0.010136028,-0.050990615
804115300009224,zg,59071.43714,13.690341,0.010139906,-0.047731742
804115300009224,zg,59072.38585,13.673905,0.010128098,-0.051290594
804215300012879,zr,59072.50628,13.403213,0.010501705,0.092299156
804115300009224,zg,59073.36623,13.695825,0.01014386,-0.062246457
804215300012879,zr,59075.32668,13.39784,0.010500011,0.09863319
804115300009224,zg,59075.36545,13.6797905,0.010132318,-0.048590716
804115300009224,zg,59075.37685,13.677575,0.0101307295,-0.048648264
804215300012879,zr,59076.34743,13.397809,0.010500001,0.0906999
804215300012879,zr,59076.36376,13.412009,0.010504493,0.09283522
804115300009224,zg,59077.35817,13.68588,0.010136695,-0.056392845
804215300012879,zr,59077.45258,13.40184,0.010501273,0.08817414
804215300012879,zr,59078.34329,13.405416,0.010502402,0.088133134
804215300012879,zr,59078.35423,13.394066,0.010498826,0.09321181
804115300009224,zg,59078.36997,13.674581,0.010128583,-0.047467966
804115300009224,zg,59079.34419,13.700113,0.010146958,-0.05430314
804215300012879,zr,59079.36382,13.406952,0.010502889,0.090500675
804215300012879,zr,59079.38306,13.411017,0.010504178,0.09154526
804215300012879,zr,59080.32577,13.404112,0.010501989,0.09123235
804215300012879,zr,59080.36609,13.400068,0.010500714,0.09375605
804115300009224,zg,59080.38784,13.670703,0.010125806,-0.03155408
804115300009224,zg,59080.40806,13.678154,0.010131144,-0.03923004
804115300009224,zg,59081.30721,13.679683,0.010132242,-0.046895575
804115300009224,zg,59081.34471,13.670767,0.010125852,-0.035282336
804215300012879,zr,59081.38451,13.677072,0.010597204,0.106181934
804215300012879,zr,59081.3925,13.399196,0.0105004385,0.09792973
804115300009224,zg,59082.32226,13.64608,0.010108254,-0.044814233
804115300009224,zg,59082.33826,13.682929,0.010134573,-0.043329068
804215300012879,zr,59082.47489,13.390151,0.010497599,0.101730056
804215300012879,zr,59084.30087,13.387027,0.010496622,0.09472341
804115300009224,zg,59084.3458,13.674999,0.010128882,-0.039779007
804115300009224,zg,59084.35631,13.673766,0.010127999,-0.050626058
804215300012879,zr,59085.32812,13.396069,0.010499455,0.08922678
804115300009224,zg,59085.34347,13.690359,0.010139919,-0.04776783
804115300009224,zg,59085.34441,13.692893,0.010141745,-0.061031662
804115300009224,zg,59086.30117,13.695255,0.0101434495,-0.055263393
804215300012879,zr,59086.33667,13.372759,0.010492189,0.08685992
804215300012879,zr,59086.34591,13.401458,0.010501152,0.09360974
804115300009224,zg,59088.30577,13.669027,0.010124606,-0.020017337
804215300012879,zr,59088.38838,13.404462,0.0105021,0.09047903
804115300009224,zg,59089.29344,13.696276,0.010144186,-0.04894432
804115300009224,zg,59089.38747,13.701245,0.0101477755,-0.055586904
804215300012879,zr,59089.42621,13.402429,0.010501458,0.08999274
804215300012879,zr,59090.50159,13.400784,0.010500939,0.09350431
804115300009224,zg,59091.28396,13.678264,0.010131223,-0.04214008
804115300009224,zg,59092.31172,13.693555,0.010142223,-0.034979016
804315300012535,zi,59093.30508,13.305071,0.011866258,0.19180456
804215300012879,zr,59093.36464,13.403499,0.010501795,0.0881204
804115300009224,zg,59093.40912,13.670187,0.010125436,-0.033148747
804215300012879,zr,59094.3354,13.383644,0.010495568,0.08840526
804115300009224,zg,59095.29172,13.679958,0.010132439,-0.03979584
804215300012879,zr,59095.39477,13.422858,0.010507953,0.09042781
804215300012879,zr,59096.30457,13.408922,0.010503512,0.085107036
804215300012879,zr,59097.30588,13.383053,0.010495382,0.09707823
804115300009224,zg,59097.34293,13.674853,0.010128778,-0.036762394
804315300012535,zi,59097.39111,13.304846,0.011866278,0.19063401
804115300009224,zg,59097.41349,13.686215,0.010136937,-0.04780878
804215300012879,zr,59098.34768,13.41224,0.010504566,0.088547245
804215300012879,zr,59102.41166,13.383583,0.010495548,0.11462056
804215300012879,zr,59106.3667,13.38366,0.010495572,0.10155992
804115300009224,zg,59107.36448,13.692949,0.010141785,-0.0482909
804215300012879,zr,59109.24889,13.387797,0.010496862,0.10107687
804115300009224,zg,59109.30647,13.675663,0.010129358,-0.046946794
804115300009224,zg,59110.35664,13.683889,0.010135264,-0.031145655
804115300009224,zg,59111.34958,13.690534,0.010140046,-0.045888044
804115300009224,zg,59112.28088,13.669174,0.010124711,-0.05800178
804215300012879,zr,59112.35196,13.377656,0.010493705,0.08504924
804215300012879,zr,59113.32474,13.417072,0.010506104,0.095003985
804115300009224,zg,59114.33668,13.704608,0.010150208,-0.045865316
804115300009224,zg,59115.2241,13.685705,0.010136569,-0.05571175
804115300009224,zg,59115.26344,13.678702,0.010131538,-0.058346443
804215300012879,zr,59115.29792,13.398933,0.010500356,0.09074813
804215300012879,zr,59115.37093,13.392929,0.010498469,0.09309781
804115300009224,zg,59116.24137,13.680149,0.010132576,-0.051357012
804115300009224,zg,59117.24535,13.683983,0.010135331,-0.038324956
804215300012879,zr,59118.24019,13.407224,0.0105029745,0.09122135
804215300012879,zr,59118.31837,13.400726,0.010500921,0.088141635
804115300009224,zg,59118.36987,13.735783,0.010172895,-0.045921385
804115300009224,zg,59119.23079,13.682867,0.010134529,-0.047295388
804115300009224,zg,59120.23988,13.687068,0.01013755,-0.041232124
804315300012535,zi,59121.26315,13.323634,0.011864607,0.18680081
804115300009224,zg,59121.28927,13.687284,0.010137705,-0.04982625
804215300012879,zr,59122.22885,13.394514,0.010498966,0.0941885
804115300009224,zg,59122.25166,13.675024,0.0101288995,-0.043721177
804115300009224,zg,59123.20646,13.690979,0.010140366,-0.045050245
804215300012879,zr,59123.31201,13.408429,0.010503356,0.09054781
804215300012879,zr,59124.27125,13.406149,0.010502634,0.08937139
804115300009224,zg,59125.24223,13.682796,0.010134477,-0.046388518
804215300012879,zr,59125.29509,13.408085,0.010503246,0.088438
804215300012879,zr,59125.31508,13.395193,0.010499179,0.089292325
804215300012879,zr,59126.33034,13.415156,0.010505493,0.09276081
804115300009224,zg,59127.24495,13.690385,0.010139938,-0.037336536
804215300012879,zr,59129.21903,13.410469,0.010504003,0.085403204
804115300009224,zg,59129.30277,13.703803,0.010149627,-0.046117187
804315300012535,zi,59130.2229,13.327988,0.011864229,0.19264188
804315300012535,zi,59130.32159,13.28394,0.011868216,0.18370019
804215300012879,zr,59131.24451,13.400127,0.010500732,0.089580126
804115300009224,zg,59131.27399,13.683228,0.010134788,-0.034344193
804315300012535,zi,59131.28759,13.292326,0.011867428,0.19447318
804315300012535,zi,59131.30317,13.340367,0.011863175,0.1777948
804215300012879,zr,59134.20499,13.403744,0.010501873,0.09256567
804115300009224,zg,59134.22083,13.68413,0.0101354355,-0.04718863
804315300012535,zi,59134.34315,13.324333,0.011864545,0.19176582
804315300012535,zi,59134.36104,13.329109,0.011864131,0.18576314
804315300012535,zi,59135.19977,13.308642,0.011865935,0.19967291
804315300012535,zi,59135.32053,13.283877,0.011868223,0.19012506
804215300012879,zr,59136.20465,13.388091,0.010496954,0.093105614
804115300009224,zg,59136.2235,13.684018,0.010135355,-0.06363766
804315300012535,zi,59136.26468,13.294498,0.011867228,0.19746897
804315300012535,zi,59136.28516,13.306529,0.011866126,0.1966922
804315300012535,zi,59137.28387,13.281163,0.01186848,0.19218224
804315300012535,zi,59137.30121,13.280168,0.011868574,0.20357896
804315300012535,zi,59138.15592,13.280969,0.011868498,0.18806048
804315300012535,zi,59138.17745,13.287334,0.011867897,0.19772692
804315300012535,zi,59138.19108,13.280142,0.0118685765,0.19606373
804115300009224,zg,59138.24837,13.673414,0.0101277465,-0.04847281
804215300012879,zr,59138.29465,13.399626,0.010500574,0.090706944
804315300012535,zi,59139.16632,13.283009,0.011868305,0.18803991
804315300012535,zi,59139.32026,13.294236,0.011867251,0.19557506
804115300009224,zg,59140.20135,13.703621,0.010149495,-0.049345028
804215300012879,zr,59140.22147,13.380161,0.010494484,0.088704586
804315300012535,zi,59141.26911,13.305207,0.011866245,0.19040622
804315300012535,zi,59142.3057,13.311264,0.0118657,0.19389716
804315300012535,zi,59142.32997,13.302943,0.011866451,0.1877833
804315300012535,zi,59142.33392,13.31593,0.011865283,0.19222952
804315300012535,zi,59143.24228,13.302199,0.011866519,0.19657195
804315300012535,zi,59143.25303,13.31209,0.011865626,0.19729543
804315300012535,zi,59143.26027,13.304846,0.011866278,0.18466975
804215300012879,zr,59144.2255,13.390673,0.010497763,0.09269454
804315300012535,zi,59144.26557,13.274486,0.0118691195,0.1944352
804315300012535,zi,59144.3083,13.298672,0.011866843,0.20401101
804315300012535,zi,59145.30327,13.259324,0.011870601,0.18544023
804315300012535,zi,59145.3204,13.296412,0.01186705,0.18453714
804215300012879,zr,59146.18561,13.421143,0.010507404,0.08570251
804215300012879,zr,59149.14401,13.392239,0.010498253,0.09605392
804115300009224,zg,59149.24864,13.714428,0.010157329,-0.05074408
804115300009224,zg,59151.20809,13.669113,0.010124668,-0.045974173
804215300012879,zr,59151.22907,13.379371,0.010494239,0.08800865
804315300012535,zi,59152.14609,13.295536,0.011867131,0.19251803
804315300012535,zi,59152.15916,13.295522,0.011867133,0.1916262
804215300012879,zr,59153.1189,13.400233,0.010500765,0.095841356
804115300009224,zg,59153.20132,13.683694,0.0101351235,-0.048341583
804315300012535,zi,59153.26167,13.305254,0.011866242,0.19185333
804315300012535,zi,59153.29253,13.29767,0.011866935,0.19215608
804215300012879,zr,59155.12265,13.398093,0.010500091,0.09019708
804115300009224,zg,59155.19891,13.698019,0.010145444,-0.056065053
804315300012535,zi,59155.30221,13.386122,0.011859539,0.19775331
804315300012535,zi,59155.31868,13.307218,0.011866063,0.19113308
804315300012535,zi,59156.24805,13.278652,0.011868719,0.19676915
804115300009224,zg,59157.16679,13.674973,0.010128863,-0.061251044
804315300012535,zi,59157.26598,13.292011,0.011867458,0.20029399
804315300012535,zi,59157.28216,13.3089695,0.0118659055,0.20231728
804215300012879,zr,59157.32797,13.669477,0.010594293,0.09597806
804315300012535,zi,59158.2441,13.339923,0.011863213,0.18607348
804315300012535,zi,59158.26086,13.333294,0.011863774,0.19254418
804215300012879,zr,59164.18324,13.407323,0.010503006,0.0944285
804115300009224,zg,59164.26106,13.7054405,0.010150812,-0.042288043
804315300012535,zi,59165.12319,13.313346,0.011865514,0.19037244
804315300012535,zi,59165.13499,13.3091135,0.011865892,0.19971439
804315300012535,zi,59166.37626,13.322566,0.0118647,0.1944097
804215300012879,zr,59167.20422,13.413384,0.01050493,0.091547154
804215300012879,zr,59169.20323,13.396488,0.010499586,0.09085647
804115300009224,zg,59169.24062,13.693113,0.010141904,-0.060851354
804115300009224,zg,59171.1824,13.68721,0.010137652,-0.05545498
804215300012879,zr,59173.23072,13.4067545,0.010502826,0.09048632
804115300009224,zg,59178.11782,13.711263,0.010155031,-0.06212978
804215300012879,zr,59178.22472,13.381292,0.010494835,0.09029638
804115300009224,zg,59180.15395,13.684901,0.01013599,-0.050517786
804215300012879,zr,59182.10247,13.39885,0.01050033,0.09358098
804115300009224,zg,59182.13713,13.681743,0.010133721,-0.03690916
804215300012879,zr,59184.11577,13.709707,0.010609904,0.09136602
804115300009224,zg,59184.16214,13.695532,0.010143649,-0.05499418
804115300009224,zg,59186.13786,13.99468,0.010371495,-0.047052164
804115300009224,zg,59188.17554,13.689208,0.01013909,-0.058214877
804215300012879,zr,59188.25917,13.405784,0.010502518,0.097238876
804115300009224,zg,59193.16282,13.695711,0.010143778,-0.04997409
804215300012879,zr,59193.29116,13.407209,0.01050297,0.09283269
804215300012879,zr,59195.11888,13.422556,0.010507856,0.09154999
804115300009224,zg,59195.18051,13.705404,0.010150786,-0.04671723
804215300012879,zr,59199.11988,13.579307,0.010560932,0.09211431
804115300009224,zg,59199.20026,13.702377,0.010148595,-0.04367473
804115300009224,zg,59202.20306,13.697061,0.010144752,-0.050326854
804215300012879,zr,59202.25114,13.3602,0.010488322,0.10551868
804215300012879,zr,59204.16203,13.403547,0.010501811,0.09806518
804115300009224,zg,59204.24523,13.69288,0.010141735,-0.043682385
804215300012879,zr,59210.11753,13.449933,0.010516705,0.08659107
804115300009224,zg,59210.18151,13.68728,0.010137702,-0.03040185
804115300009224,zg,59210.18338,13.691814,0.010140968,-0.05805812
804115300009224,zg,59211.11993,13.689591,0.010139366,-0.0532399
804215300012879,zr,59215.11887,13.393134,0.010498534,0.09856417
804215300012879,zr,59215.12077,13.413528,0.010504975,0.094129816
804115300009224,zg,59215.13769,13.728137,0.010167309,-0.04599628
804115300009224,zg,59215.13862,13.715292,0.010157957,-0.048663944
804115300009224,zg,59219.119,13.694659,0.010143019,-0.050577935
804115300009224,zg,59219.11993,13.69759,0.010145134,-0.054451145
804215300012879,zr,59219.17831,13.404253,0.010502034,0.091131166
804215300012879,zr,59219.17925,13.392283,0.010498267,0.09275273
804215300012879,zr,59223.11724,13.388196,0.010496988,0.09056646
804115300009224,zg,59223.13785,13.675767,0.010129432,-0.058047567
804115300009224,zg,59227.11712,13.694069,0.010142594,-0.056161255
804215300012879,zr,59227.15455,13.40204,0.010501335,0.09145964
804215300012879,zr,59229.11759,13.370156,0.010491384,0.09458452
804115300009224,zg,59231.11885,13.681933,0.010133857,-0.03645401
804215300012879,zr,59231.1546,13.404916,0.010502243,0.09845517
804115300009224,zg,59233.13939,13.710347,0.010154367,-0.047680397
804215300012879,zr,59356.38461,13.401919,0.010501297,0.10339021
804115300009224,zg,59356.4513,13.685751,0.010136602,-0.05221945
804215300012879,zr,59359.42551,13.39462,0.010499,0.09552643
804115300009224,zg,59359.46436,13.692544,0.010141493,-0.048409447
804215300012879,zr,59367.40317,13.385945,0.010496285,0.097996
804115300009224,zg,59369.41337,13.684203,0.010135489,-0.040115226
804215300012879,zr,59369.44967,13.387899,0.010496894,0.08657258
804215300012879,zr,59373.40976,13.389388,0.01049736,0.09731909
804115300009224,zg,59373.44143,13.679267,0.010131943,-0.06434248
804215300012879,zr,59375.409,13.411416,0.0105043035,0.09548633
804115300009224,zg,59375.42748,13.6868925,0.010137423,-0.053642955
804215300012879,zr,59377.42751,13.413375,0.010504927,0.09367885
804115300009224,zg,59377.45127,13.687664,0.010137979,-0.043674797
804215300012879,zr,59379.40406,13.395446,0.010499259,0.092532285
804115300009224,zg,59379.42654,13.669792,0.010125154,-0.06032029
804215300012879,zr,59387.43497,13.401954,0.010501308,0.08995928
804115300009224,zg,59391.43126,13.690257,0.010139845,-0.06035387
804115300009224,zg,59392.44332,13.674025,0.010128184,-0.053067945
804115300009224,zg,59393.3434,13.674467,0.010128501,-0.02419594
804215300012879,zr,59393.44366,13.398448,0.010500203,0.090064965
804115300009224,zg,59394.38177,13.695473,0.010143606,-0.050440814
804215300012879,zr,59394.44539,13.408942,0.010503518,0.085846506
804115300009224,zg,59395.39733,13.686594,0.010137208,-0.055799603
804215300012879,zr,59396.40772,13.410003,0.0105038555,0.0910012
804115300009224,zg,59396.44273,13.689019,0.010138954,-0.032271612
804215300012879,zr,59397.40571,13.417609,0.010506276,0.08973866
804115300009224,zg,59397.44796,13.681998,0.0101339035,-0.054236986
804115300009224,zg,59400.38322,13.684249,0.010135521,-0.05605678
804215300012879,zr,59400.44159,13.401906,0.010501293,0.09646953
804115300009224,zg,59401.40633,13.67509,0.010128948,-0.04710758
804215300012879,zr,59401.44393,13.399334,0.010500482,0.09697906
804215300012879,zr,59402.43219,13.38589,0.010496268,0.09082396
804115300009224,zg,59402.44904,13.670007,0.010125306,-0.047484092
804115300009224,zg,59403.40998,13.677428,0.010130624,-0.051627953
804215300012879,zr,59403.43116,13.401863,0.01050128,0.089494005
804115300009224,zg,59404.38631,13.677295,0.010130527,-0.050669253
804215300012879,zr,59404.45615,13.397731,0.010499977,0.09246689
804215300012879,zr,59405.42962,13.418582,0.010506586,0.09606417
804115300009224,zg,59405.44932,13.674886,0.010128802,-0.043932803
804215300012879,zr,59407.42951,13.376904,0.010493472,0.08997483
804115300009224,zg,59408.38873,13.689128,0.010139031,-0.038566474
804215300012879,zr,59408.45077,13.381805,0.010494994,0.09103918
804115300009224,zg,59409.40528,13.69077,0.010140216,-0.046990167
804215300012879,zr,59409.45415,13.405459,0.010502416,0.092334
804115300009224,zg,59411.32933,13.678341,0.010131279,-0.042405155
804215300012879,zr,59411.44913,13.409038,0.010503548,0.08776553
804115300009224,zg,59414.4071,13.683414,0.010134922,-0.065054335
804215300012879,zr,59414.4537,13.414151,0.010505173,0.09145983
804215300012879,zr,59418.38632,13.405411,0.0105024,0.08595495
804115300009224,zg,59418.4553,13.679994,0.010132465,-0.044941947
804215300012879,zr,59422.40452,13.407984,0.010503215,0.088919
804115300009224,zg,59422.44725,13.68499,0.010136054,-0.063142195
804115300009224,zg,59424.29767,13.6676855,0.010123647,-0.057701033
804215300012879,zr,59424.36122,13.389052,0.010497255,0.084808744
804115300009224,zg,59426.37048,13.693969,0.010142521,-0.06390433
804215300012879,zr,59426.41601,13.41672,0.010505992,0.09036379
804115300009224,zg,59428.30955,13.686857,0.010137398,-0.05266559
804215300012879,zr,59428.373,13.422219,0.010507748,0.088818
804215300012879,zr,59430.36789,13.402762,0.010501564,0.09162292
804115300009224,zg,59430.41434,13.677675,0.010130801,-0.046396837
804215300012879,zr,59435.36797,13.411041,0.010504185,0.08971433
804115300009224,zg,59435.41209,13.686797,0.010137355,-0.04935407
804115300009224,zg,59438.39085,13.67888,0.010131665,-0.054444708
804215300012879,zr,59443.30835,13.405298,0.0105023645,0.092930704
804115300009224,zg,59443.34936,13.690952,0.010140346,-0.04769622
804215300012879,zr,59448.31263,13.401939,0.010501304,0.09593136
804115300009224,zg,59448.34022,13.688047,0.010138255,-0.049573936
804215300012879,zr,59450.34345,13.422296,0.010507773,0.090165906
804115300009224,zg,59450.42495,13.68894,0.010138896,-0.050429538
804215300012879,zr,59453.30853,13.403763,0.010501878,0.08559123
804115300009224,zg,59453.3889,13.697177,0.010144836,-0.051424228
804215300012879,zr,59455.29002,13.403,0.010501639,0.09193814
804115300009224,zg,59455.32717,13.675589,0.0101293055,-0.046009265
804115300009224,zg,59459.33071,13.689417,0.01013924,-0.05081517
804215300012879,zr,59459.37272,13.40867,0.010503432,0.09087491
804115300009224,zg,59461.25015,13.682938,0.010134579,-0.060923785
804215300012879,zr,59461.30688,13.403293,0.01050173,0.08876102
804215300012879,zr,59463.30245,13.383378,0.010495484,0.0933262
804115300009224,zg,59463.353,13.695397,0.010143552,-0.05110982
804115300009224,zg,59465.30935,13.681525,0.0101335645,-0.04574863
804215300012879,zr,59465.35155,13.407043,0.010502917,0.09172502
804115300009224,zg,59467.22278,13.693578,0.010142239,-0.045120955
804115300009224,zg,59469.26453,13.684712,0.010135855,-0.06230082
804215300012879,zr,59469.36693,13.404935,0.010502249,0.08812968
804215300012879,zr,59471.23946,13.392631,0.010498375,0.09281152
804115300009224,zg,59471.2912,13.68866,0.010138695,-0.0548934
804115300009224,zg,59473.37142,13.682961,0.010134596,-0.06266438
804215300012879,zr,59473.44868,13.397768,0.010499989,0.09207032
804115300009224,zg,59476.25645,13.686357,0.010137037,-0.050148316
804215300012879,zr,59476.34417,13.390936,0.010497845,0.0913095
804215300012879,zr,59478.24682,13.403045,0.010501653,0.09342952
804115300009224,zg,59478.33091,13.706755,0.010151763,-0.049096327
804215300012879,zr,59480.27039,13.404821,0.010502214,0.09082082
804115300009224,zg,59480.35341,13.701075,0.010147652,-0.07702228
804215300012879,zr,59485.24406,13.41386,0.010505082,0.09662787
804115300009224,zg,59485.26916,13.693169,0.010141944,-0.039269887
804115300009224,zg,59487.26837,13.682695,0.010134405,-0.05188047
804215300012879,zr,59487.33143,13.413101,0.01050484,0.093763314
804115300009224,zg,59489.24902,13.69546,0.010143598,-0.03860994
804215300012879,zr,59489.29318,13.388844,0.01049719,0.10109737
804215300012879,zr,59491.2225,13.400994,0.010501006,0.08790433
804115300009224,zg,59491.2842,13.707757,0.01015249,-0.050925754
804115300009224,zg,59497.34702,13.691237,0.010140552,-0.04739857
804215300012879,zr,59502.34766,13.398671,0.010500273,0.09800111
804115300009224,zg,59502.39089,13.7033415,0.010149292,-0.044700246
804215300012879,zr,59504.295,13.406457,0.010502731,0.09057262
804115300009224,zg,59510.2624,13.7014675,0.010147936,-0.06657164
804115300009224,zg,59517.18305,13.675982,0.010129587,-0.067240626
804215300012879,zr,59517.24745,13.390256,0.010497632,0.08985555
804215300012879,zr,59520.22446,13.403267,0.010501723,0.090998136
804115300009224,zg,59520.28856,13.677927,0.010130982,-0.047331
804215300012879,zr,59522.20351,13.41144,0.010504311,0.09377253
804115300009224,zg,59522.22802,13.697869,0.010145336,-0.056864083
804115300009224,zg,59524.15886,13.686814,0.010137367,-0.061954856
804215300012879,zr,59524.22126,13.358673,0.0104878545,0.088117555
804215300012879,zr,59526.16125,13.408987,0.010503532,0.08713602
804115300009224,zg,59526.22637,13.67306,0.010127493,-0.062450085
804215300012879,zr,59529.2038,13.4095545,0.010503713,0.092008665
804115300009224,zg,59529.2605,13.688933,0.010138892,-0.041516725
804215300012879,zr,59531.16074,13.391423,0.0104979975,0.09168394
804115300009224,zg,59531.34119,13.683428,0.010134932,-0.035078272
804115300009224,zg,59537.24435,13.701154,0.010147709,-0.038864814
804215300012879,zr,59537.30852,13.555906,0.010552624,0.08765773
804215300012879,zr,59540.18986,13.397758,0.010499985,0.097180486
804115300009224,zg,59540.30051,13.712585,0.010155991,-0.051844586
804215300012879,zr,59550.11935,13.380729,0.01049466,0.09281266
804115300009224,zg,59550.23772,13.697099,0.010144779,-0.0467891
804215300012879,zr,59707.42273,13.385336,0.010496095,0.10026258
804215300012879,zr,59707.44941,13.3853855,0.01049611,0.10516393
804115300009224,zg,59737.42524,13.677561,0.010130719,-0.05059055
804215300012879,zr,59737.45046,13.40024,0.010500768,0.08972649
804115300009224,zg,59739.37311,13.683482,0.010134971,-0.05209545
804215300012879,zr,59739.45445,13.398113,0.010500097,0.09235659
804215300012879,zr,59742.40952,13.393204,0.010498555,0.09736881
804115300009224,zg,59742.45056,13.685867,0.010136686,-0.049266767
804215300012879,zr,59744.41226,13.403153,0.010501686,0.09503104
804115300009224,zg,59744.45067,13.689694,0.01013944,-0.07739252
804215300012879,zr,59749.36254,13.408709,0.010503445,0.09293575
804115300009224,zg,59749.42403,13.68084,0.010133071,-0.038135666
804215300012879,zr,59751.4242,13.414267,0.01050521,0.09112389
804115300009224,zg,59751.4475,13.688367,0.010138485,-0.052182607
804215300012879,zr,59755.37127,13.403639,0.010501839,0.098604746
804115300009224,zg,59755.4027,13.692457,0.01014143,-0.055627204
804115300009224,zg,59757.37135,13.68353,0.010135005,-0.055846173
804115300009224,zg,59757.4283,13.679049,0.010131787,-0.06210956
804215300012879,zr,59759.40642,13.393624,0.010498688,0.087000616
804115300009224,zg,59759.4481,13.68873,0.010138745,-0.055678666
804115300009224,zg,59762.35921,13.691715,0.010140897,-0.050014686
804215300012879,zr,59764.38397,13.420202,0.010507103,0.09295141
804115300009224,zg,59764.4334,13.705041,0.010150522,-0.061139997
804215300012879,zr,59766.3865,13.386295,0.010496395,0.09024767
804115300009224,zg,59766.43236,13.668893,0.01012451,-0.048508264
804115300009224,zg,59769.42629,13.681958,0.0101338755,-0.06589986
804115300009224,zg,59769.45123,13.683587,0.010135046,-0.058446974
804115300009224,zg,59771.39339,13.709521,0.010153768,-0.06680769
804115300009224,zg,59771.44742,13.687591,0.010137926,-0.054234933
804215300012879,zr,59773.4242,13.409811,0.010503794,0.08348795
804215300012879,zr,59773.44388,13.411768,0.010504415,0.08826835
804215300012879,zr,59778.43804,13.395463,0.010499264,0.08731382
804215300012879,zr,59778.44812,13.399231,0.01050045,0.086524926
804115300009224,zg,59780.40318,13.695463,0.0101435995,-0.06016681
804115300009224,zg,59780.45401,13.688174,0.010138345,-0.06513312
804115300009224,zg,59782.3317,13.676428,0.010129906,-0.05477734
804215300012879,zr,59782.40862,13.403295,0.010501731,0.09071289
804115300009224,zg,59784.39604,13.662458,0.010119913,-0.08430099
804215300012879,zr,59784.42409,13.392193,0.010498238,0.09681285
804115300009224,zg,59786.45235,13.702903,0.010148975,-0.052036714
804215300012879,zr,59788.4121,13.415412,0.010505575,0.08634089
804115300009224,zg,59788.45063,13.680248,0.010132647,-0.04654705
804115300009224,zg,59790.36535,13.685748,0.0101366,-0.055382956
804215300012879,zr,59798.36551,13.403997,0.010501954,0.08784901
804115300009224,zg,59798.38844,13.689327,0.010139176,-0.048929006
804115300009224,zg,59801.33511,13.69364,0.0101422835,-0.043323703
804215300012879,zr,59801.44952,13.398208,0.0105001265,0.09474737
804215300012879,zr,59803.39067,13.372415,0.010492083,0.08703939
804215300012879,zr,59806.36435,13.3793955,0.010494246,0.08894861
804115300009224,zg,59806.4514,13.679732,0.010132277,-0.024985565
804215300012879,zr,59808.34693,13.391341,0.010497971,0.090445116
804115300009224,zg,59812.30622,13.688988,0.010138932,-0.05696359
804215300012879,zr,59812.32653,13.410806,0.01050411,0.09083748
804115300009224,zg,59814.32827,13.691704,0.010140888,-0.063077964
804215300012879,zr,59814.38806,13.414058,0.010505144,0.08701689
804115300009224,zg,59816.28164,13.6845,0.010135702,-0.062003173
804215300012879,zr,59816.38901,13.391159,0.010497916,0.085664384
804115300009224,zg,59818.34108,13.674601,0.010128597,-0.060746547
804215300012879,zr,59818.408,13.385554,0.010496163,0.09192572
804115300009224,zg,59820.27901,13.680882,0.010133103,-0.06285378
804215300012879,zr,59822.30575,13.388549,0.010497098,0.09205031
804115300009224,zg,59822.33385,13.678708,0.010131542,-0.05261513
804215300012879,zr,59824.3236,13.419373,0.010506839,0.09166897
804115300009224,zg,59824.34642,13.7013445,0.010147847,-0.050853763
804215300012879,zr,59826.28796,13.408482,0.010503373,0.09367648
804115300009224,zg,59826.33253,13.676227,0.010129762,-0.0393646
804115300009224,zg,59829.38804,13.695764,0.0101438165,-0.04841302
804215300012879,zr,59829.45087,13.414724,0.010505355,0.0911982
804115300009224,zg,59840.30508,13.680561,0.0101328725,-0.049994096
804115300009224,zg,59840.3805,13.698918,0.0101460945,-0.05671895
804115300009224,zg,59842.31217,13.686689,0.010137277,-0.05249472
804215300012879,zr,59842.36792,13.409565,0.010503716,0.08944357
804115300009224,zg,59844.26596,13.678466,0.010131368,-0.05049889
804215300012879,zr,59844.30363,13.383497,0.010495521,0.09712416
804215300012879,zr,59847.24506,13.414632,0.010505326,0.08645973
804115300009224,zg,59847.2998,13.679186,0.010131885,-0.04715179
804115300009224,zg,59849.26933,13.713426,0.010156601,-0.057871167
804215300012879,zr,59849.30629,13.411829,0.010504435,0.090117976
804115300009224,zg,59851.26384,13.691303,0.0101406,-0.051219594
804215300012879,zr,59851.3067,13.405141,0.010502314,0.09644643
804115300009224,zg,59854.26621,13.680733,0.010132995,-0.058205765
804215300012879,zr,59854.28882,13.402245,0.010501401,0.08673728
804215300012879,zr,59856.23211,13.408669,0.010503431,0.089384206
804115300009224,zg,59856.26345,13.683352,0.010134878,-0.043523706
804215300012879,zr,59858.19297,13.413716,0.0105050355,0.08982421
804115300009224,zg,59858.3865,13.677508,0.010130681,-0.023504136
804215300012879,zr,59860.18107,13.412363,0.010504605,0.09080039
804115300009224,zg,59860.2508,13.666207,0.01012259,-0.028465658
804115300009224,zg,59862.18688,13.694899,0.010143192,-0.044898387
804115300009224,zg,59864.14035,13.67511,0.010128962,-0.06979688
804215300012879,zr,59866.18936,13.41263,0.01050469,0.09354869
804115300009224,zg,59866.22428,13.673894,0.01012809,-0.04423948
804115300009224,zg,59869.14234,13.695124,0.010143355,-0.048082717
804215300012879,zr,59869.1848,13.39035,0.010497661,0.090101644
804215300012879,zr,59871.18121,13.412927,0.010504784,0.08938615
804115300009224,zg,59871.22711,13.700856,0.010147494,-0.04436467
804215300012879,zr,59873.18255,13.395581,0.010499301,0.0935891
804115300009224,zg,59873.20657,13.691667,0.010140862,-0.055229474
804115300009224,zg,59877.23911,13.682934,0.010134577,-0.052442547
804215300012879,zr,59877.3453,13.4146185,0.010505322,0.08998623
804215300012879,zr,59879.29219,13.405829,0.010502533,0.09181222
804115300009224,zg,59879.31192,13.684632,0.010135797,-0.047408644
804215300012879,zr,59881.24854,13.417437,0.010506221,0.09099354
804115300009224,zg,59881.3315,13.677512,0.010130684,-0.042818505
804215300012879,zr,59883.30412,13.401102,0.010501039,0.101066485
804215300012879,zr,59894.14131,13.395711,0.010499343,0.09113441
804215300012879,zr,59896.14584,13.395404,0.0104992455,0.088623315
804115300009224,zg,59896.18673,13.687557,0.010137902,-0.052671794
804115300009224,zg,59898.21004,13.673085,0.010127511,-0.05655124
804215300012879,zr,59898.26173,13.414652,0.010505332,0.08840848
804215300012879,zr,59900.24419,13.389791,0.010497487,0.101671286
804215300012879,zr,59902.16494,13.386631,0.010496499,0.0985029
804115300009224,zg,59902.28512,13.687948,0.010138183,-0.04234423
804115300009224,zg,59904.16427,13.68415,0.01013545,-0.058284752
804215300012879,zr,59904.21615,13.396332,0.010499538,0.09471414
804215300012879,zr,59906.15819,13.435009,0.01051186,0.08412467
804115300009224,zg,59906.18269,13.709036,0.010153417,-0.05146615
804115300009224,zg,59908.11775,13.671654,0.0101264855,-0.052303456
804215300012879,zr,59908.15947,13.388185,0.010496983,0.09895137
804115300009224,zg,59910.13704,13.698071,0.010145482,-0.049119823
804115300009224,zg,59913.12096,13.675618,0.010129325,-0.053125404
804215300012879,zr,59913.1642,13.411088,0.010504199,0.08962351
804215300012879,zr,59922.17974,13.40662,0.010502783,0.09064552
804115300009224,zg,59922.22865,13.700451,0.010147201,-0.039451983
804215300012879,zr,59924.18421,13.402876,0.0105016,0.09049833
804115300009224,zg,59930.22431,13.703597,0.010149478,-0.051859025
804215300012879,zr,59930.28319,13.400495,0.010500847,0.10245709
804215300012879,zr,59933.16069,13.411917,0.010504463,0.098224826
804115300009224,zg,59935.19434,13.681012,0.010133196,-0.050522465
804215300012879,zr,59937.2038,13.4015465,0.01050118,0.09301164
804115300009224,zg,59937.26413,13.666264,0.010122631,-0.03442322
804215300012879,zr,59958.14386,13.387102,0.010496645,0.09359757
804215300012879,zr,59969.13712,13.403406,0.010501766,0.09728247
804115300009224,zg,59969.17845,13.91407,0.010307581,-0.043509327
804215300012879,zr,59972.158,13.4094515,0.0105036795,0.101183996
